-- phpMyAdmin SQL Dump
-- version 5.2.0
-- https://www.phpmyadmin.net/
--
-- Host: 127.0.0.1
-- Creato il: Dic 11, 2022 alle 21:01
-- Versione del server: 10.4.27-MariaDB
-- Versione PHP: 8.1.12

SET SQL_MODE = "NO_AUTO_VALUE_ON_ZERO";
START TRANSACTION;
SET time_zone = "+00:00";


/*!40101 SET @OLD_CHARACTER_SET_CLIENT=@@CHARACTER_SET_CLIENT */;
/*!40101 SET @OLD_CHARACTER_SET_RESULTS=@@CHARACTER_SET_RESULTS */;
/*!40101 SET @OLD_COLLATION_CONNECTION=@@COLLATION_CONNECTION */;
/*!40101 SET NAMES utf8mb4 */;

--
-- Database: `blog_am`
--

-- --------------------------------------------------------

--
-- Struttura della tabella `argomenti`
--

CREATE TABLE `argomenti` (
  `aid` int(11) NOT NULL,
  `a_uid` int(11) NOT NULL,
  `nome` varchar(252) NOT NULL,
  `slug` varchar(252) NOT NULL,
  `descrizione` text DEFAULT NULL,
  `status` tinyint(1) DEFAULT 0 COMMENT '0 = visibile | 1 = archiviato | 2 = adulto',
  `data_postato` timestamp NULL DEFAULT current_timestamp()
) ENGINE=InnoDB DEFAULT CHARSET=utf8mb4 COLLATE=utf8mb4_general_ci;

--
-- Dump dei dati per la tabella `argomenti`
--

INSERT INTO `argomenti` (`aid`, `a_uid`, `nome`, `slug`, `descrizione`, `status`, `data_postato`) VALUES
(308, 95, 'Animali', 'animali', 'Il regno animale conta migliaia di creature tanto diverse l’una dall’altra. Alcune si distinguono per il loro stile di vita, altre per il loro comportamento, mentre altre stupiscono per la loro bellezza.', 0, '2022-12-04 22:31:38'),
(309, 95, 'Viaggi', 'viaggi', 'Ispirazioni con blog di viaggi su posti meno conosciuti, itinerari inconsueti, consigli per Italia, Europa, Mondo.', 0, '2022-12-04 23:11:54'),
(310, 95, 'Ricette', 'ricette', 'Le ricette della tradizione e degli chef per tutti, facili e veloci da realizzare. Tante ricette spiegate passo passo complete di foto e ingredienti. \r\nScriveteci le vostre!', 0, '2022-12-04 23:12:32'),
(311, 95, 'Droghe', 'droghe', 'Droghe pesanti e leggere. Raccontateci le vostre esperienze', 2, '2022-12-04 23:14:26'),
(312, 95, 'Ludopatia', 'ludopatia', 'Cronache relative a ludopatia e gioco d’azzardo\r\napprofondimenti su leggi e regolamenti\r\nstatistiche\r\ntestimonianze di ex-giocatori\r\nnotizie di vita associativa', 2, '2022-12-04 23:16:05'),
(313, 95, 'Alcolismo', 'alcolismo', 'Raccontateci le vostre esperienze!', 2, '2022-12-04 23:21:38');

-- --------------------------------------------------------

--
-- Struttura della tabella `blogs`
--

CREATE TABLE `blogs` (
  `bid` int(11) NOT NULL,
  `b_uid` int(11) NOT NULL,
  `b_aid` int(11) NOT NULL,
  `nome` varchar(252) NOT NULL,
  `slug` varchar(252) NOT NULL,
  `descrizione` text DEFAULT NULL,
  `immagine` varchar(252) DEFAULT NULL,
  `status` tinyint(1) NOT NULL DEFAULT 0,
  `data_postato` timestamp NOT NULL DEFAULT current_timestamp()
) ENGINE=InnoDB DEFAULT CHARSET=utf8mb4 COLLATE=utf8mb4_general_ci;

--
-- Dump dei dati per la tabella `blogs`
--

INSERT INTO `blogs` (`bid`, `b_uid`, `b_aid`, `nome`, `slug`, `descrizione`, `immagine`, `status`, `data_postato`) VALUES
(31, 95, 308, 'Gatto', 'gatto', 'In questa sezione ci saranno tanti consigli su come comportarsi con un gatto in casa!', '1670194203.jpg', 0, '2022-12-04 22:50:03'),
(32, 96, 312, 'Indicazioni pratiche per guarire da una dipendenza patologica', 'indicazioniguariredipendenza', 'Queste note si rivolgono direttamente a chi sospetta di avere una dipendenza patologica o, almeno ha dubbi in proposito. Si tratta di indicazioni “pratiche”. Nulla di tecnico e di strettamente scientifico: qualcosa che direi anche ad un amico se mi chiedesse un consiglio.\r\n\r\nNormalmente chi ha una dipendenza patologica, di qualunque genere, droghe, alcol, farmaci, sesso, gioco d’azzardo, internet ecc. … per lungo tempo non lo sa, nel senso che è convinto di avere la situazione sotto controllo e, nei suoi comportamenti, di seguire, l’istinto, il piacere, le circostanze o, comunque, qualcosa che fa parte dello stile di vita scelto o a cui si aderisce. Il fatto di frequentare, anche virtualmente, altre persone che hanno comportamenti simili, spesso, rinforza la percezione di “normalità” (“nel mio ambiente … tutti fanno così, quale è il problema?”).', '1670197835.gif', 0, '2022-12-04 23:29:40'),
(33, 96, 310, 'Torta', 'torte', 'Tante ricette di varie torte', '1670198807.jpg', 0, '2022-12-05 00:06:47'),
(34, 98, 309, 'Viaggi in Europa con Mary', 'viaggiineuropa', 'Ciao a tutti, in questo blog vi racconteremo di tutti i nostri viaggi in Europa', '1670531581.jpg', 0, '2022-12-08 20:33:01'),
(35, 98, 310, 'Risotto', 'risotto', 'Qui condividerò le mie ricette che uso per i miei risotti!', '1670532623.jpg', 0, '2022-12-08 20:50:23'),
(36, 98, 308, 'Riccio', 'riccio', 'IL RICCIO, ANIMALE SELVATICO O DOMESTICO?\r\nIl riccio è un mammifero facente parte della famiglia degli Erinaceidi. È suddiviso in 16 diverse specie che popolano l’Europa, l’Africa e l’Asia. La caratteristica che lo contraddistingue è la presenza di lunghi aculei sulla maggior parte del suo corpo: questi sono peli contenenti un’alta percentuale di chseratina che li rende rigidi e che costituiscono un’ottima difesa per il riccio.', '1670533668.jpg', 0, '2022-12-08 21:07:48'),
(37, 99, 308, 'Come convincere i tuoi a prendere un cucciolo', 'convincercanecharlotte', '<span id=\"docs-internal-guid-c0c93d42-7fff-7bec-107d-91d7d1f60ef9\"><h2 itemprop=\"about\" property=\"about\" style=\"box-sizing: border-box; outline: none !important; margin-top: 0px !important; margin-bottom: 0px; font-weight: 900; line-height: 38px; font-size: 30px; display: block; float: left; width: 652.825px; font-family: Raleway, sans-serif; color: rgb(0, 98, 109); text-transform: inherit;\"><span style=\"font-size: 18px;\">Vorresti un cucciolo ma non sai come convincere i tuoi a fare \"il grande passo\"? Ecco qualche suggerimento utile.</span></h2><h2 dir=\"ltr\" style=\"margin-top: 18pt; margin-bottom: 6pt; line-height: 1.38;\"><div class=\"article-content\" style=\"float: left; width: 732.825px; color: rgb(22, 22, 21); font-size: 16px; line-height: 28px; padding-left: 80px; font-family: Raleway, sans-serif; font-weight: 600; letter-spacing: 0.4px; background-color: rgb(255, 255, 255); outline: none !important;\"></div><div class=\"article-content article-content-text\" itemprop=\"text\" style=\"float: left; width: 732.825px; color: rgb(22, 22, 21); font-size: 16px; line-height: 28px; padding-left: 80px; font-family: Raleway, sans-serif; font-weight: 600; letter-spacing: 0.4px; background-color: rgb(255, 255, 255); outline: none !important;\"><p style=\"margin-top: 20px; margin-bottom: 0px; float: left; width: 652.825px; line-height: 28px; outline: none !important;\">Questa guida è dedicata ai più piccoli: a&nbsp;<a href=\"http://www.deabyday.tv/cucina-e-ricette/guide/2057/Come-scegliere-il-vino-per-la-cena-di-Natale.html\" style=\"color: inherit; position: relative; transition: all 0.3s ease-out 0s; outline: none !important; text-decoration: underline 2px solid rgb(255, 89, 89) !important; text-underline-offset: 2px !important;\">Natale</a>&nbsp;manca pochissimo, e tanti bambini sognano un&nbsp;<span style=\"outline: none !important;\">cucciolo di cane</span>&nbsp;in regalo. Purtroppo non sempre i genitori sono d\'accordo, per un motivo o per l\'altro. Vediamo allora come convincere i tuoi&nbsp;<span style=\"outline: none !important;\">genitori</span>&nbsp;a prendere un cane, così da passare un&nbsp;<span style=\"outline: none !important;\">Natale</span>&nbsp;(e non solo naturalmente) insieme ad un nuovo amico a&nbsp;<a href=\"http://www.deabyday.tv/hobby-e-tempo-libero/video/1016/Cosa-mettere-in-valigia---per-il-cane.html\" style=\"color: inherit; position: relative; transition: all 0.3s ease-out 0s; outline: none !important; text-decoration: underline 2px solid rgb(255, 89, 89) !important; text-underline-offset: 2px !important;\">quattro zampe</a>!</p><div id=\"adv-Bottom\" class=\"m-adv mb-1\" style=\"margin-bottom: 0px; float: left; width: 652.825px; margin-top: 0px; outline: none !important;\"></div><p style=\"margin-top: 20px; margin-bottom: 0px; float: left; width: 652.825px; line-height: 28px; outline: none !important;\">Prima di tutto, valuta bene la&nbsp;<span style=\"outline: none !important;\">razza</span>&nbsp;che vorresti: ragiona se vuoi un cane di taglia grossa o piccola, e soprattutto quale è meglio per la tua casa e per i tuoi genitori.<br style=\"outline: none !important;\"><br style=\"outline: none !important;\">Se hai un&nbsp;<span style=\"outline: none !important;\">giardino</span>, quindi molto spazio, e magari desideri anche una guardia, opta per un cane grande; se l\'idea è avere un cagnolino da tenere in casa a farti compagnia e vivi in un&nbsp;<span style=\"outline: none !important;\">appartamento</span>&nbsp;in città, scegline uno piccolo.</p></div></h2></span>', '1670548428.jpg', 0, '2022-12-08 21:16:57');

-- --------------------------------------------------------

--
-- Struttura della tabella `coautori`
--

CREATE TABLE `coautori` (
  `rid` int(11) NOT NULL,
  `autore_id` int(11) NOT NULL,
  `coautore_id` int(11) NOT NULL,
  `blog_id` int(11) NOT NULL
) ENGINE=InnoDB DEFAULT CHARSET=utf8mb4 COLLATE=utf8mb4_general_ci;

--
-- Dump dei dati per la tabella `coautori`
--

INSERT INTO `coautori` (`rid`, `autore_id`, `coautore_id`, `blog_id`) VALUES
(58, 98, 99, 34),
(59, 96, 99, 33),
(60, 99, 100, 37),
(61, 98, 96, 35);

-- --------------------------------------------------------

--
-- Struttura della tabella `comment`
--

CREATE TABLE `comment` (
  `commento_id` int(11) NOT NULL,
  `post_id` int(11) NOT NULL,
  `user_id` int(11) NOT NULL,
  `contenuto` varchar(500) NOT NULL,
  `date_posted` varchar(500) NOT NULL
) ENGINE=InnoDB DEFAULT CHARSET=utf8mb4 COLLATE=utf8mb4_general_ci;

--
-- Dump dei dati per la tabella `comment`
--

INSERT INTO `comment` (`commento_id`, `post_id`, `user_id`, `contenuto`, `date_posted`) VALUES
(46, 81, 99, 'wooow!', '1670634506');

-- --------------------------------------------------------

--
-- Struttura della tabella `likes`
--

CREATE TABLE `likes` (
  `id` int(11) NOT NULL,
  `userid` int(11) NOT NULL,
  `postid` int(11) NOT NULL,
  `data_postato` timestamp NOT NULL DEFAULT current_timestamp()
) ENGINE=InnoDB DEFAULT CHARSET=utf8mb4 COLLATE=utf8mb4_general_ci;

--
-- Dump dei dati per la tabella `likes`
--

INSERT INTO `likes` (`id`, `userid`, `postid`, `data_postato`) VALUES
(25, 99, 64, '2022-12-08 21:18:27'),
(26, 99, 63, '2022-12-08 21:18:48'),
(28, 99, 96, '2022-12-09 00:42:05'),
(31, 98, 62, '2022-12-09 01:27:22'),
(36, 98, 61, '2022-12-09 09:20:43'),
(39, 99, 81, '2022-12-10 01:11:28'),
(47, 95, 70, '2022-12-10 01:28:38'),
(49, 98, 70, '2022-12-10 01:30:03'),
(50, 100, 81, '2022-12-10 01:30:19'),
(51, 95, 63, '2022-12-11 00:47:15'),
(53, 95, 104, '2022-12-11 19:03:57'),
(54, 95, 81, '2022-12-11 19:08:17'),
(56, 95, 96, '2022-12-11 19:14:56'),
(57, 95, 73, '2022-12-11 19:18:03'),
(58, 98, 72, '2022-12-11 19:18:29'),
(59, 95, 67, '2022-12-11 19:59:18');

-- --------------------------------------------------------

--
-- Struttura della tabella `posts`
--

CREATE TABLE `posts` (
  `pid` int(11) NOT NULL,
  `p_bid` int(11) NOT NULL,
  `p_uid` int(11) NOT NULL,
  `nome` varchar(252) NOT NULL,
  `slug` varchar(252) NOT NULL,
  `descrizione` text DEFAULT NULL,
  `immagine` varchar(252) DEFAULT NULL,
  `likes` int(11) NOT NULL,
  `status` tinyint(1) DEFAULT 0,
  `data_postato` timestamp NULL DEFAULT current_timestamp()
) ENGINE=InnoDB DEFAULT CHARSET=utf8mb4 COLLATE=utf8mb4_general_ci;

--
-- Dump dei dati per la tabella `posts`
--

INSERT INTO `posts` (`pid`, `p_bid`, `p_uid`, `nome`, `slug`, `descrizione`, `immagine`, `likes`, `status`, `data_postato`) VALUES
(61, 31, 95, 'Tenere il gatto fuori casa', 'gattofuoricasa', '<p><b>Tenere il gatto fuori\r\n</b></p><p>Se hai una casa con uno spazio esterno, ad esempio un terrazzo oppure un giardino, ti chiederai se non sia rischioso lasciare uscire il gatto. Ovviamente, un gatto che vive all’esterno è esposto a più rischi rispetto a quelli che vivono solo dentro casa. Eppure, molti ritengono che sia importante dare al gatto la possibilità di uscire, pur consapevoli dei pericoli che possono correre. Non bisogna, però, pensare che un gatto che vive solo dentro casa stia male, perché ogni amico felino si crea le sue abitudini e vive tranquillo nel suo territorio. Se hai la possibilità di farlo uscire, però, vediamo insieme a cosa fare attenzione.\r\n</p><p><b>\r\nI rischi che si corrono all’esterno: pericolo strade\r\n</b></p><p>Quando il gatto ha la possibilità di uscire fuori casa, bisogna tenere in considerazione alcuni fattori che possono rappresentare un pericolo per lui. In particolare, bisogna prestare attenzione se si vive in prossimità di strade trafficate, che il gatto potrebbe attraversare. Le automobili, infatti, spesso corrono e non badano agli animali che attraversano la carreggiata. Il tasso di mortalità dei gatti sulle strade, purtroppo, è alto ed è, quindi, doveroso, fare molta attenzione in caso di vicinanza a strade trafficate. Non dimenticare, inoltre, di mettere un collare al gatto con una targhetta di riconoscimento, se dovesse allontanarsi troppo e perdersi. In genere, non è consigliato mettere il collare ai gatti, perché potrebbe infastidirli, ma puoi pensare di metterlo solo quando lo fai uscire e toglierlo quando è in casa.\r\n</p><p><b>\r\nI litigi con altri gatti\r\n</b></p><p>Se il gatto è libero di vivere anche fuori, bisogna considerare il fatto che potrebbe incontrare altri gatti. Spesso, questi incontri finiscono con dei litigi, con il rischio di contrarre infezioni e malattie trasmesse da parassiti. Oltre a ciò, il gatto potrebbe incontrare altri animali e potrebbe essere aggredito, ad esempio un cane. Ricorda, inoltre, che le liti tra felini sono spesso la causa della Felv e della Fiv nel gatto, malattie infettive causate da retrovirus, che portano ad un progressivo indebolimento del sistema immunitario. In conclusione, se decidi di far uscire il gatto in giardino, potresti optare per una recinzione, per evitare che il micio possa litigare con altri gatti.\r\n</p><p><b>\r\nPossibili malattie\r\n</b></p><p>Come abbiamo visto, la vita all’esterno espone il gatto a possibili liti con altri gatti e, dunque, al rischio di contrarre malattie come la Felv e la Fiv. Queste, però, non sono le uniche malattie a cui può andare incontro un gatto che vive fuori casa. Esistono, ad esempio, dei parassiti come pulci, zecche, vermi intestinali che possono trasmettere altre malattie e infezioni, che il gatto porterebbe anche dentro casa. Non dimenticare, quindi, di fare prevenzione, utilizzando gli antiparassitari in pipette o collari. Attenzione: non metterli entrambi, perché il gatto potrebbe avere una reazione allergica.\r\n</p><p><b>\r\nGravidanze\r\n</b></p><p>Tenere il gatto fuori casa quando non è sterilizzato potrebbe favorire l’accoppiamento e possibili gravidanze. Se opti per le passeggiate fuori in autonomia, quindi, prendi in considerazione la sterilizzazione del gatto: in questo modo, i mici saranno protetti dalle malattie sessualmente trasmissibili e i maschi non avranno il desiderio sessuale.\r\n</p><p><b>\r\nI vantaggi della vita all’esterno\r\n</b></p><p>Ovviamente, tenere il gatto fuori comporta anche una serie di vantaggi che vanno presi in considerazione. In primo luogo, un gatto che esce in giardino, che corre, caccia e si arrampica sugli alberi avrà molti stimoli e non correrà il rischio di annoiarsi. I mici che escono all’esterno, inoltre, difficilmente ingrasseranno, anche dopo la sterilizzazione, proprio perché hanno più possibilità di muoversi. Infatti, i gatti che vivono all’aria aperta si dedicheranno alla caccia, alla corsa per afferrare insetti o per seguire una pista olfattiva.</p>', '1670194281.jpeg', 1, 0, '2022-12-04 22:51:21'),
(62, 31, 95, 'Tenere il gatto dentro', 'gattodentrocasa', '<p><b>LE 10 REGOLE FONDAMENTALI PER IL GATTO IN CASA\r\n</b></p><p>Adibire un’area ben isolata e tranquilla per il suo riposo, ovvero non posizionare la sua cuccia in luoghi di passaggio. Permettere sempre al gatto di scegliere il luogo nel quale andare a riposare, posizionare la sua cuccia in quel luogo.\r\n</p><p>\r\nPer ogni gatto in casa, il numero di lettiere deve sempre essere una lettiera per ogni gatto, più una! In questo modo eviterete spiacevoli conseguenze su mobili, divani o materassi. Assicuratevi, inoltre, di mantenere sempre le lettiere pulite e di scegliere la sabbietta preferita dal vostro micio. Infatti, anche quando si parla di lettiera, ogni gatto ha le sue preferenze: ci sono gatti che amano quelle in silicio, altri amano la grana fina, altri le lettiere chiuse.\r\n</p><p>\r\nMettere sempre a disposizione acqua e cibo, possibilmente in luoghi accessibili e tranquilli. Un grosso aiuto sono i dispenser automatici per il cibo secco e le fontanelle dell’acqua. Molti gatti, infatti, amano abbeverarsi da fonti d’acqua corrente.\r\n</p><p>\r\nFornire al gatto un tiragraffi sul quale possa affilarsi le unghie (qui vi indichiamo come costruirne uno fai da te). I gatti, infatti, hanno la necessità di affilare le unghie anche per scaricare lo stress. In assenza di un luogo idoneo, rischierete di vedere rovinati divani e poltrone. Munitevi quindi di un tiragraffi idoneo e arricchitelo con giochi.\r\n</p><p>\r\nPer evitare l’insorgenza dell’obesità, soprattutto se il gatto è sterilizzato, ritagliate un pochino di tempo ogni giorno per giocare insieme a lui e fargli fare una giusta dose di attività fisica ogni giorno.\r\n</p><p>\r\nSe avete un giardino o un balcone, mettete in sicurezza le aree, per permettere al gatto di prendere il sole, cacciare e giocare all’aria aperta (in questo articolo vi spieghiamo come fare per rendere sicuro il giardino).\r\n</p><p>\r\nFate attenzione ai detersivi che utilizzate per la pulizia in casa. Alcuni possono essere velenosi per il gatto, altri possono stimolare le marcature (detersivi a base di ammoniaca).\r\n</p><p>\r\nAncora attenzione alle piante: alcune piante (e fiori) molto comuni nelle nostre case, potrebbero risultare tossiche per il nostro micio (ad esempio la stella di Natale, gigli e narcisi. Potete trovare l’elenco completo qui).\r\n</p><p>\r\nLavatrice! Alcuni gatti, soprattutto i cuccioli, amano dormire in lavatrice. Fate sempre un controllo prima di chiudere l’oblò.\r\n</p><p>\r\nSe scegliete un gatto di razza, sappiate che alcune razze amano maggiormente la vita casalinga: Ragdoll, Persiano, Siamese, Certosino, sono dei veri pantofolai! \r\n\r\n</p>', '1670194605.jpg', 1, 0, '2022-12-04 22:56:45'),
(63, 31, 95, 'Fare il bagno al gatto', 'bagnoalgatto', '<p><b>Fare il bagno al gatto oppure no? </b></p><p>Spesso, chi ha un gatto si pone questa domanda, soprattutto se il micio è arrivato da poco in famiglia. Il gatto, si sa, non è un grande amante dell’acqua e tende a scappare per evitarne il contatto. Ma è sempre così? Inoltre, fare il bagno al gatto è davvero utile ed indispensabile? Vediamo insieme consigli e suggerimenti per capire come e perché farlo.\r\nFare il bagno al gatto può diventare una sana abitudine per eliminare lo sporco, per rimuovere l’eccesso di pelo ed eliminare eventuali parassiti. In realtà, il gatto è, per natura, un animale molto pulito, che provvede autonomamente a lavarsi. A volte, però, il suo pelo potrebbe aver bisogno di cure specifiche, soprattutto se è arrivato da poco in famiglia oppure se è un gatto a pelo lungo. Inoltre, se il micio è abituato a passeggiare all’esterno, il problema potrebbe diventare più evidente.\r\n</p><p>\r\nOltre alla sporcizia, infatti, il pelo del gatto potrebbe trattenere insetti e parassiti, come pulci, zecche, pidocchi e acari. Il gatto, inoltre, potrebbe essere infestato da tenia e, in questo caso, il manto può apparire spento, irto e duro al tatto. Vediamo, quindi, con che frequenza lavare il gatto e altri consigli utili per questa pratica.\r\n</p><p>\r\nOgni quanto fare il bagno al gatto?\r\nLa frequenza con cui lavare il gatto è variabile e soggettiva. Molto dipende dalla tipologia di pelo del gatto, da eventuali problematiche fisiche e da quanto apprezzi essere lavato. Generalmente, infatti, i gatti non gradiscono molto l’acqua, ma per alcuni può diventare un gioco e altri ne sono addirittura attratti.\r\n</p><p>\r\nLa razza Maine Coon, ad esempio, apprezza molto l’acqua e, per i gatti di questa specie, fare il bagno diventa un momento di divertimento. In generale, un gatto con il pelo medio-lungo può essere lavato ogni 2-3 mesi. È bene, infatti, non esagerare con bagni frequenti e con l’utilizzo di prodotti per il lavaggio, perché il pelo potrebbe indebolirsi.\r\n</p><p>\r\nRicorda, poi, di utilizzare uno shampoo adatto al gatto, di ottima qualità e che non contenga sostanze dannose. Prediligi i prodotti naturali, senza l’aggiunta di sostanze chimiche.\r\n</p><p><b>\r\nConsigli per lavare il gatto\r\n</b></p><p>Se hai deciso di provare a lavare il tuo gatto, sappi che potrebbe spaventarsi, graffiarti e scappare. Fare il bagno al gatto, infatti, richiede calma e pazienza, non può essere un’operazione veloce e fatta con poca attenzione. Innanzitutto, devi creare un’atmosfera tranquilla e rilassata, rassicurando il tuo gatto con gesti affettuosi e parlando con un tono pacato.\r\n</p><p>\r\nEvita, inoltre, di avere degli atteggiamenti che potrebbero innervosirlo o spaventarlo. Ad esempio, non mettere il gatto direttamente sotto il getto dell’acqua, non frizionarlo contropelo ed evita di bagnare zone delicate come occhi, orecchie e muso.\r\n</p><p>\r\nUtilizza, ad esempio, una bacinella riempita con 10-15 cm di acqua tiepida, da controllare prima di immergere il gatto: la temperatura, infatti, non deve essere troppo alta. L’ideale, comunque, sarebbe abituare il gatto fin da piccolo ad essere lavato: un gatto adulto che non ha mai fatto il bagno, infatti, difficilmente apprezzerà!\r\n</p><p><b>\r\nSpazzolare il pelo del gatto\r\n</b></p><p>Prima di procedere con il bagno, inizia a spazzolare con cura il pelo del gatto. Questa operazione serve, innanzitutto, per rimuovere peli in eccesso e grovigli, ma non solo. Spazzolare il pelo del tuo micio, infatti, ti aiuterà a tranquillizzarlo, a creare la giusta atmosfera calma e rilassata per fare il bagno.\r\n</p><p>\r\nAttenzione a scegliere la giusta spazzola, in base alla lunghezza del manto, alla razza e ad eventuali nodi che possono formarsi. I gatti a pelo lungo, ad esempio, sono più soggetti a questa problematica. In questo caso, usando la spazzola sbagliata, il gatto potrebbe farsi male, spaventarsi e scappare via.\r\n</p><p>\r\nIn commercio esistono varie tipologie di spazzole, che rimuovono i peli, lo sporco ed eventuali nodi, prevenendo parassiti e malattie della pelle. Ricorda di non spazzolare mai contropelo, per evitare una bella sfuriata del tuo amico!\r\n</p><p><b>\r\nAltri consigli utili\r\n</b></p><p>Dopo aver preparato una bacinella con dell’acqua tiepida e aver spazzolato il manto, procedi a bagnare leggermente il pelo. Dopodiché, procedi ad insaponare con un po’ di shampoo per gatti. Il consiglio è di leggere attentamente le istruzioni riportate sull’etichetta, per regolarti con la giusta quantità e capire se lo shampoo va diluito o meno.\r\n</p><p>\r\nInsapona, quindi, tutto il manto, compresa la coda, evitando le zone più sensibili, soprattutto gli occhi. Lava bene anche la zona tra i polpastrelli, dove potrebbe accumularsi più sporco. Procedi, poi, con il risciacquo, usando una caraffa o una doccetta alla minima potenza. Durante questo passaggio, fai attenzione che l’acqua non sia troppo calda o troppo fredda ed elimina ogni traccia di shampoo.\r\n\r\nInfine, avvolgi il gatto in un telo, per assorbire l’acqua in eccesso e asciuga il pelo con un asciugacapelli.</p>', '1670194757.jpg', 2, 0, '2022-12-04 22:59:17'),
(64, 31, 95, 'Addestrare il gatto', 'addestraregatto', '<p><b>Addestrare il gatto è possibile? </b></p><p>\r\nSebbene alcune persone credono di no, in realtà è possibile addestrare un felino domestico, ecco come fare.\r\nAddestrare il gatto è possibile? Questa è una domanda che si pongono tantissimi proprietari di gatti. Se la risposta è scontata quando si parla di cani, non si può dire lo stesso se l’animale in questione è un micio. Addestrarlo sembra una possibilità lontana e molto difficile da mettere in atto ma, al contrario di quanto si pensa, non è così.\r\n</p><p><b>\r\nAddestrare il gatto: quali insegnamenti potergli impartire\r\n</b></p><p>Addestrare il gatto è possibile, anche se molte persone ritengono il contrario. Un cane senza dubbio è più abituato ad ascoltare i comandi di un padrone, mentre il gatto viene considerato un animale più autonomo. Se però anche tu sei tra coloro che vogliono addestrare il proprio gatto, devi tenere a mente che ci vorranno pochi accorgimenti per riuscirci. Prima di tutto occorre sapere che gli insegnamenti che può apprendere sono diversi: in primis il comando “seduto” o anche “zampa”, ma non solo.\r\n</p><p>\r\nÈ possibile anche insegnargli il comando “rotola” oppure quello di sdraiarsi a terra, di raggiungere il padrone, quello di “dare il cinque”. Sebbene questi addestramenti siano molto più comuni per i cani, piuttosto che per i gatti, ciò non significa che questi ultimi non possano apprenderli.\r\n</p><p>\r\nÈ ovvio però che mentre per il cane vi saranno addestramenti come quello relativo alla protezione, il gatto invece non potrà essere addestrato in questo. A spiegare perché ciò non è possibile è l’indole del gatto: quest’ultimo non è un animale da guardia, ma molto indipendente. Il cane invece è più propenso a proteggere e difendere la propria famiglia da eventuali malintenzionati.\r\n</p><p>\r\nUn ulteriore fattore da sottolineare è il fatto che nel caso del gatto, gli insegnamenti dovranno essere impartiti dal padrone. Se anche tu vorrai addestrare il tuo gatto infatti dovrai rimboccarti le maniche senza poterti affidare ad un addestratore. Non esiste infatti un addestratore di gatti!\r\n</p><p>\r\nCasomai, se necessario, ti potrai rivolgere ad un esperto del comportamento di questi felini, anche se non sarà necessario. Una volta che avrai appreso il meccanismo adeguato per poter impartire gli insegnamenti di base al gatto, potrai anche insegnargli quelli meno comuni.\r\n</p><p>\r\nPer fare un esempio, c’è anche chi è riuscito ad insegnare al gatto a riportare un bastone o una pallina, dopo averla lanciata. Anche questo tipo di giochi infatti rientra negli addestramenti da poter impartire al proprio amico a quattro zampe. Certamente, nel caso del bastone sarà difficile abituare il gatto a riportarlo, dato che si tratta di un gioco amato più da un cane, che da un felino, ma si può.\r\n</p><p><b>\r\nAddestrare il gatto non significa “educare”</b></p><p>A<span style=\"font-size: var(--bs-body-font-size); font-weight: var(--bs-body-font-weight); text-align: var(--bs-body-text-align);\">ttenzione a non confondere i tipi di insegnamenti che possono essere impartiti al gatto, con quelli che invece rientrano nel campo dell’educazione. Per fare un esempio, molto spesso si legge “insegnare al gatto ad usare il tiragraffi”.\r\n</span></p><p>\r\nIn questo caso però, dicendo così, si incorrere in un errore. Questo infatti consiste nell’aver confuso un’abitudine da insegnare al gatto e relativa alla sua educazione, con un addestramento. Il gatto andrà infatti semplicemente educato ad utilizzare il tiragraffi, ma non dovrà memorizzare alcun comando né suoni per poterlo fare.\r\n</p><p>\r\nCertamente, non si esclude che alcune tecniche utilizzate per educare il felino siano le stesse che si possono utilizzare per addestrarlo. I due concetti però devono rimanere separati.</p><p><b>\r\nConsigli utili per l’addestramento del gatto\r\n</b></p><p>Per riuscire effettivamente ad addestrare il tuo felino dovrai tenere a mente una serie di consigli molto utili. Ci sono delle cose che potrai fare e altre invece che sono assolutamente sconsigliate. Tra le prime vi è il fatto di socializzare con il proprio gatto. Per capire meglio questo concetto, si deve nominare la parola “fiducia”. È bene infatti che il rapporto che si ha con il proprio animale domestico sia basato proprio su questo.\r\n</p><p>\r\nIl gatto si deve fidare del proprio padrone e quest’ultimo deve mostrare nei suoi confronti affetto e premura. In questo modo, l’animale tenderà ad ascoltare il proprio proprietario, riuscendo ad assumere l’atteggiamento giusto per apprendere più in fretta i comandi.\r\n</p><p>\r\nQuando si dice che il gatto è un animale indipendente, questo non significa che sia disinteressato al rapporto con l’uomo. Piuttosto, ha sempre bisogno di affetto, solo che, al contrario di altri animali domestici, lo mostra in modo differente. Senza dubbio, è un animale capace di stare da solo, ma ciò non significa che non pretenda le dimostrazioni di affetto.\r\n</p><p>\r\nPer addestrare al meglio il tuo gatto, la prima cosa che devi fare è proprio quella di fare in modo che si fidi di te. Importante anche che il felino si trovi bene nell’ambiente dove vive: la casa deve essere per lui un luogo di protezione, positivo. Se si dovesse trovare a disagio, inutile iniziare un addestramento!\r\n</p><p>\r\nNon terminano qui però le cose che devi tenere a mente per addestrare al meglio il tuo gatto. Altri termini da ricordare sono costanza e pazienza. Di certo, non puoi pretendere che il micio apprenda tutto in un solo giorno o tutto in poche ore. Ricorda piuttosto che ci vorranno anche mesi di esercizio, al fine di impartirgli un certo insegnamento. Il gatto dovrà avere modo di associare una determinata azione ad un comando preciso, che può essere vocale o consistere in un gesto.\r\n</p><p>\r\nSe questi sono i consigli da seguire, tra questi vi è anche una cosa da non fare assolutamente. Si tratta di sgridare il proprio gatto o addirittura picchiarlo. Mai fare una cosa simile, pena la perdita di fiducia del felino nei confronti della persona.\r\n</p><p>\r\nOltre a questo, è sottinteso che si tratta di un comportamento totalmente sbagliato. Il maltrattamento verso gli animali non solo va evitato, ma non è mai educativo. Il gatto infatti, se sgridato o picchiato, non capirà il motivo della sua punizione e di conseguenza non imparerà il comando. Piuttosto, per riuscire nell’intento, si devono seguire altre tecniche.\r\n</p><p><b>\r\nUtilizzare comandi vocali e gesti</b></p><p>\r\nAddestrare il proprio gatto è possibile se si seguono ulteriori indicazioni, oltre a quelle indicate. Prima di tutto è bene distinguere tra comandi vocali e anche i gesti. Per addestrare un felino l’ideale sarebbe utilizzare i primi, cioè associare a delle sue azioni, delle parole precise.\r\n</p><p>\r\nAl fine di fare un esempio si può indicare la parola “Vieni!” per insegnare il gatto a raggiungere il padrone. È bene però ricordare che non basterà dire la parola, ma occorrerà scandirla con un tono preciso e dirla in un momento adeguato.\r\n</p><p>\r\nPer “momento adeguato” si intende dire che il micio deve essere di fronte a voi quando pronunciate il comando. Quest’ultimo deve consistere in una parola molto semplice, non in una frase, pena la difficoltà che il gatto proverebbe nel memorizzarla.\r\n</p><p>\r\nUna volta che si pronuncia il comando, l’ideale sarebbe aiutare il gatto a compiere l’azione. Mentre la esegue, ripetere il comando. È bene anche ripetere la parola possibilmente sempre con lo stesso tono. Ovviamente quest’ultimo deve essere ben chiaro, mai detto sottovoce ma nemmeno detto gridando.\r\n</p><p>\r\nPer addestrare il proprio animale da compagnia si possono utilizzare anche i gesti, ma questi ultimi sono sconsigliati perché più difficili da far memorizzare. L’animale memorizza meglio i suoni. Oltre a questo, se occorre chiamare il gatto e farlo arrivare da un’altra stanza, con i gesti di certo non sentirà.\r\n</p><p><b>\r\nAddestrare il gatto con la tecnica del rinforzo\r\n</b></p><p>Se il tuo intento è quello di addestrare il gatto in modo perfetto e soprattutto in modo che memorizzerà bene i comandi, allora usa il “rinforzo”. Quest’ultimo viene chiamato anche “rinforzo positivo” e consiste nel premiare il gatto con snack o altri tipi di premi. Quando premiare il felino? L’ideale è dargli la ricompensa dopo che avrà eseguito correttamente l’esercizio o il comando richiesto.\r\n</p><p>\r\nQuesto perché se l’animale riceve un dono, capirà che ha fatto la cosa giusta e non tarderà a ripeterla, quando sentirà di nuovo la parola giusta. Il comando infatti verrà memorizzato più facilmente, una volta che il felino avrà associato il premio a quel suono oppure a quello snack.\r\n</p><p>\r\nQuest’ultimo è un premio perfetto e infatti possono essere date al gatto crocchette oppure anche croccantini, pesce, carne. In poche parole gli si può dare tutto ciò che è solito mangiare, purché non si esageri con il numero di snack. Questo infatti potrebbe rovinare la sua dieta, se diventa un’abitudine che si ripete in modo eccessivo.\r\n</p><p>\r\nTra i vari snack che possono essere dati al gatto vi sono quelli al gusto salmone, merluzzo o trota della “Purina Felix”. Il nome preciso del pacchetto è “Purina Felix Party Mix Snack”. Senza dubbio il tuo amico a quattro zampe sarà lieto di assaporare questi fantastici premi.</p>', '1670194942.jpg', 1, 0, '2022-12-04 23:02:22'),
(67, 31, 95, 'Gatti e bambini', 'gattiebambini', '<p><b>Gatti e bambini possono diventare grandi amici e condividere la quotidianità.</b></p><p>Se hai pensato di adottare un gatto oppure ne hai già uno e sta per arrivare un bambino, vedrai che sarà una grande avventura. Per evitare rischi, è importante che i genitori insegnino ai bambini delle semplici regole. Vediamo insieme i consigli per una serena convivenza.\r\n</p><p>Gatti e bambini possono creare, con il tempo, un rapporto di amicizia sano e profondo. Un bambino che cresce con un animale domestico, infatti, sviluppa empatia e impara ad interagire con un essere vivente diverso da lui. Se si mettono in pratica dei semplici accorgimenti, anche i neonati possono convivere tranquillamente con un gatto e trarre giovamento da questo legame.\r\n</p><p>\r\nVivere con un amico a quattro zampe, infatti, non ha nessun rischio per la salute dei bambini, anzi, ci sono molti vantaggi, confermati da continui studi. Basti pensare a quanto è diventata diffusa e importante la pet therapy con i gatti. Vediamo insieme delle semplici regole di igiene e comportamento da mettere in pratica per una convivenza serena.\r\n</p><p><b>\r\nGatti e bambini: consigli di comportamento\r\n</b></p><p>I gatti sono degli ottimi amici per i bambini e possono insegnare tanto. Innanzitutto, i bambini imparano il senso di responsabilità, prendendosi cura del loro amico a quattro zampe; poi, imparano ad interagire con un essere vivente di un’altra specie, quindi a capirlo e ad interpretare il suo linguaggio.\r\n</p><p>\r\nÈ fondamentale, però, educare i bambini alla corretta gestione del loro animale domestico. I gatti, infatti, diventano parte della famiglia e devono essere trattati con cura e rispetto. Quando il gatto arriva a casa, i bambini tendono a ricoprirlo di attenzioni, presi dall’entusiasmo del momento. In quel caso, bisogna spiegare ai bambini che anche lui ha bisogno di riposare e che va lasciato in pace quando è stanco. Vediamo qualche regola pratica per rendere tutto più semplice.\r\n</p><p><b>\r\nResponsabilità e cura\r\n</b></p><p>Gatti e bambini vivono benissimo insieme, con le giuste regole e attenzioni. Se hai deciso di adottare un micio, spiega ai bambini che un animale e non è un giocattolo, che in determinati momenti della giornata ha bisogno di fare le sue cose: dormire, mangiare, stare da solo. Quando il gatto arriva a casa, fai in modo di presentarlo ai bambini in un momento tranquillo, spiegando le nuove regole che garantiranno la sicurezza di tutti.\r\n</p><p>\r\nDurante questo primo incontro, fai sedere i bambini sul pavimento e lascia avvicinare il gattino da solo; insegna loro a gestire il nuovo arrivato con responsabilità e cura. Prepara anche una cuccia in cui far riposare il gatto quando sarà stanco. Insegna ai bambini, inoltre, qual è la corretta alimentazione per il gatto, per evitare che gli diano da mangiare alimenti nocivi e dannosi.\r\n</p><p><b>\r\nEmpatia\r\n</b></p><p>La relazione tra gatti e bambini è molto importante per lo sviluppo dell’empatia. I gatti, in particolare, insegnano a coltivare la pazienza, perché hanno i propri tempi e invitano i bambini ad ascoltarli. In generale, favoriscono l’empatia, perché i bambini imparano ad immedesimarsi in loro, a capirli per soddisfare i loro bisogni.\r\n</p><p>\r\nVivere con un gatto insegna qualità come la generosità, la tolleranza, l’attenzione, la responsabilità. Molte volte, nascono dei rapporti di confidenza: i bambini imparano a svelare agli amici a quattro zampe i propri segreti e i propri stati d’animo. Questo contribuisce, nel tempo, a rafforzare il legame. Vivere con un gatto favorisce la socializzazione e il benessere psicofisico dei bambini. Accarezzarlo, inoltre, aiuta il rilassamento e aumenta l’autostima, con riscontri sul piano fisico ed emotivo.\r\n</p><p><b>\r\nConsigli di igiene\r\n</b></p><p>Una delle preoccupazioni più frequenti, quando si adotta un gatto, è quella di eventuali malattie che possono trasmettere. È importante capire che i gatti, in genere, non trasmettono malattie o parassiti, soprattutto quando ci si prende cura della loro salute, della loro igiene e di quella degli ambienti in cui vivono.\r\n</p><p>\r\nÈ importante prendersi cura del gatto tendendolo pulito, applicando degli antiparassitari quando occorre, per evitare il rischio di pulci e zecche se vive anche all’aperto. Occorre insegnare al gatto a fare i suoi bisogni nella lettiera, che andrà pulita quotidianamente, per evitare cattivi odori. I gatti sono animali molto puliti, che si lavano da soli ogni giorno.\r\n</p><p>\r\nVerifica che le orecchie siano pulite e che non ci sia cerume, per evitare il problema degli acari nelle orecchie del gatto. Presta attenzione a rimuovere i peli del gatto da divani e vestiti e a pulire il pavimento e le superfici con un prodotto disinfettante.\r\n</p><p><b>\r\nSistema immunitario e salute\r\n</b></p><p>In generale, molti studi dimostrano che vivere con un animale domestico potenzia il sistema immunitario. I bambini che vivono a contatto con un gatto, infatti, sviluppano meno infezioni respiratorie rispetto a quelli che non hanno contatti con animali. I bambini che hanno un gatto in casa, inoltre, si ammalano di meno e, quindi, hanno bisogno di meno medicinali.\r\n</p><p>\r\nSecondo alcuni studi, il livello immunitario dei bambini è più elevato se l’animale è presente in casa per almeno sei ore al giorno, mentre diminuisce se l’animale rimane meno a contatto con il bambino oppure se vive all’esterno. Non allarmarti, dunque, se il bambino tocca il gatto e mette le mani in bocca, se si fa leccare oppure ingoia qualche pelo: la convivenza fa bene sia fisicamente che emotivamente!\r\n</p><p><b>\r\nAllergie\r\n</b></p><p>Come già accennato, i bambini che crescono con un gatto sono più tutelati contro le allergie respiratorie. È ormai comprovato, infatti, che se un bambino cresce a contatto con un animale domestico, il rischio che sviluppi allergie è statisticamente inferiore. La corretta esposizione a stimoli di tipo biologico aiuta il sistema immunitario a funzionare bene.\r\n</p><p>\r\nSe noti che il pelo del gatto causa prurito o starnuti, cerca evitarne l’accumulo sulle superfici, magari usando l’aspirapolvere un buon rullo cattura-peli. Inoltre, se stai pensando di adottare un gatto e hai dubbi su eventuali allergie, informati sul gatto anallergico e come ridurre l’allergia al pelo del gatto.\r\n</p><p><b>\r\nLa responsabilità dei genitori\r\n</b></p><p>Quando arriva un gatto in casa, è importante che i genitori insegnino delle semplici regole ai bambini, per evitare rischi. Mostragli che il modo migliore di sollevare il gattino è mettendo una mano sotto la pancia e un’altra sulla schiena, per sorreggerlo al meglio. Assicurati che non lo stringano troppo, che non gli tocchino la coda, che non lo tengano con la testa o per il collo.\r\n</p><p>\r\nSpiega anche che, mentre dorme, non deve essere svegliato con rumori eccessivi, che potrebbero spaventarlo e stressarlo. All’inizio, evita che i bambini giochino con il gatto quando non ci sei e spiega loro di non avvicinarsi troppo al con il viso. A volte, infatti, il gatto tira fuori le unghie per afferrare degli oggetti e potrebbe inavvertitamente graffiare i bambini. Incoraggiali, invece, a giocare con oggetti da lanciare, come palline e topini di stoffa.\r\n</p><p><b>\r\nRaggiungere un equilibrio</b></p><p>È importante raggiungere un equilibrio, per una serena convivenza in casa e in famiglia. I primi tempi potrebbero essere difficili, perché i bambini e il gatto devono prima conoscersi, imparare a capirsi e a gestire le reciproche esigenze. Durante le prime settimane, i bambini potrebbero essere molto entusiasti e non lasciare al gatto il tempo necessario per riposare e mangiare.\r\n</p><p>\r\nQuesto potrebbe rendere il gatto nervoso e stressato. Viceversa, il gatto potrebbe essere nervoso a causa del nuovo ambiente, in cui deve abituarsi a vivere; di conseguenza, potrebbe non voler giocare, essere aggressivo, miagolare molto. La cosa importante è non dimenticare che ogni componente della famiglia ha delle esigenze che vanno rispettate. Dopo un po’ di tempo, vedrai che tutto andrà meglio e raggiungerete un sereno equilibrio!\r\n</p><p><b>\r\nGatti e bambini: un rapporto speciale\r\n</b></p><p>Abbiamo visto che i bambini che crescono con un gatto vivono delle esperienze formative importanti. Il gatto, con la sua aria misteriosa, non sempre facile da interpretare, può diventare un grande amico per i bambini, compagno di giochi e confidenze. Vivere la quotidianità con un animale insegna a conoscere l’uno i tempi dell’altro, creando, nel tempo, un rapporto unico, per tutta la vita.\r\n</p><p>\r\nQuando gatti e bambini iniziano a conoscersi, a comprendersi reciprocamente, condividono giochi quotidiani fatti di momenti di vivace interazione, coccole e riposo. Ci sono molti giochi che possono fare insieme: vediamo qualche esempio.\r\n</p><p><b>\r\nGiochi da condividere\r\n</b></p><p>Esistono in commercio numerosi giochi per i gatti, dai più tradizionali ai più innovativi. Un esempio è la palla automatica, con un pulsante per farla muovere. Il gioco emette anche una luce, che attira l’attenzione del gatto e fa divertire animale e bambini!\r\n</p><p>\r\nI classici giochi per gatti, invece, sono la bacchetta con le piume, le palline, i topolini di stoffa. Trovi facilmente delle confezioni con giochi diversi, che i bambini possono far fare al gatto, per divertirsi insieme durante il giorno.\r\n</p><p><b>\r\nInsegnamenti preziosi\r\n</b></p><p>\r\nIn conclusione, gatti e bambini, dopo aver appreso delle semplici regole di buona convivenza, possono diventare grandi amici. Il gatto darà ai bambini tanti insegnamenti, con vantaggi psicologici ed emotivi. I ricercatori hanno scoperto che quando si accarezza un gatto, il cervello umano rilascia più ormoni della felicità, riducendo lo stress. Il gatto ha, quindi, un effetto calmante e di supporto.\r\n</p><p>\r\nSono tanti i benefici, quindi, che derivano dalla relazione con questo amico a quattro zampe. Eccoli riassunti di seguito:\r\n</p><p>\r\nrinforza il sistema immunitario;\r\n</p><p>insegna ai bambini a prendersi cura degli altri;\r\n</p><p>riduce lo stress e migliora l’apprendimento;\r\n</p><p>il gatto fornisce supporto emotivo ai bambini;\r\n</p><p>diminuisce il rischio di allergie;\r\n</p><p>rinforza i legami in famiglia;\r\n</p><p>aiuta i bambini con particolari problematiche come l’autismo.</p>', '1670195296.jpg', 1, 0, '2022-12-04 23:08:16'),
(68, 31, 95, 'Pet therapy con il gatto', 'pettherapygatto', '<p><p><b>La pet therapy con il gatto ha numerosi benefici, dimostrati da molti studi. Vediamo insieme come agisce e quali sono i vantaggi di questa pratica sempre più diffusa</b></p><p>&nbsp;La pet therapy con il gatto è una pratica sempre più diffusa, che affianca le terapie tradizionali. I piccoli felini, infatti, hanno la grande capacità di provare empatia. Sempre più studi e molti psicologi, infatti, sottolineano che gli animali hanno effetti positivi sulle persone che hanno una patologia, una disabilità o che stanno affrontando un momento difficile. Vediamo insieme, quindi, come la pet therapy può essere di aiuto nella vita quotidiana.\r\n</p><p><b>\r\nCos’è la pet therapy?\r\n</b></p>La pet therapy è una pratica che si basa sui benefici che gli individui ricevono dal rapporto con gli animali. In molti ambiti ci si avvale della collaborazione di alcuni animali, soprattutto con bambini, anziani, persone diversamente abili o con patologie. Questi, però, non sono gli unici casi in cui ci si può avvalere della pet therapy con il gatto. Essa, infatti, aiuta anche nel quotidiano, per affrontare problemi come stress, ansia e per calmare i ritmi frenetici a cui si è sottoposti. Sempre più spesso, infatti, la pet therapy con il cane, il gatto, il cavallo viene utilizzata come supporto, per permettere a chi soffre di sentirsi sollevato dalla vicinanza degli animali. Nel caso del gatto, poi, è evidente l’effetto calmante che si ottiene anche solo guardandone uno acciambellato su un divano, magari nella sala d’aspetto di un medico.\r\n<p><b>\r\n</b></p><p><b>Come funziona\r\n</b></p>La pet therapy con il gatto si svolge con varie attività terapeutiche, ludiche, educative. Queste attività sono importanti, al fine di creare un rapporto di affetto e fiducia tra paziente e animale. La pet therapy, infatti, è una vera e propria terapia, che deve essere guidata da personale addetto e preparato, affinché possa essere utile ed efficace. Generalmente, durante una seduta di pet therapy si praticano delle attività insieme al gatto, dei giochi per favorire la conoscenza e l’interazione. Giocando si ottengono molti benefici fisici ed emotivi, permettendo al paziente di rilassarsi e lasciar fluire le emozioni. Fisicamente, invece, la pet therapy permette al paziente di migliorare le proprie abilità motorie. Eseguendo dei semplici esercizi ludici, infatti, il paziente sviluppa la coordinazione dei movimenti, divertendosi e rilassandosi.\r\n<p><b>\r\n</b></p><p><b>Gli ormoni della felicità\r\n</b></p>Quando si sta accanto ad un gatto, si ha un’influenza positiva sulle emozioni: è scientificamente provato. I ricercatori, infatti, hanno scoperto che quando si accarezza un gatto, il cervello umano rilascia gli ormoni della felicità, riducendo, contemporaneamente, quelli connessi allo stress. Inoltre, le fusa emesse dal gatto sono in grado di abbassare la pressione sanguigna della persona che gli è accanto, mentre il cervello rilascia serotonina, chiamata, appunto, ormone della felicità.\r\n<p><b>\r\n</b></p><p><b>I benefici\r\n</b></p>La pet therapy con il gatto si basa sul benessere che deriva dal contatto con l’animale. Tra gatto e uomo, infatti, si crea un rapporto fatto di giochi, di divertimento, di comprensione e di fiducia reciproca. Interagire con il gatto nell’quotidianità, inoltre, è un’esperienza benefica e risolutiva per molti problemi. Molti pensano che entrare in relazione con un gatto non è semplice, ma non è affatto così. Come già accennato, il gatto è un animale molto empatico, che sa cogliere le sfumature emotive ed entrare in contatto con gli uomini in modo semplice e spontaneo. Un gatto non giudica, non ha pregiudizi e ciò rappresenta la base per sentirsi sereni e a proprio agio. Prendersi cura di un gatto, conoscere la sua corretta alimentazione, sapere come tenerlo pulito aiuta a sentirsi responsabili e dare valore a se stessi. Vediamo insieme i vari ambiti in cui viene praticata la pet therapy.\r\n<p><b>\r\n</b></p><p><b>Gatti e bambini\r\n</b></p>I bambini sono tra le persone che traggono i maggiori benefici dalla vicinanza dei gatti. Ad esempio, i bambini autistici, che presentano, quindi, difficoltà a comunicare con altre persone, si rapportano con i gatti in maniera semplice e diretta. Questo perché, entrambi, comunicano a livello emotivo, permettendo ai bambini di rilassarsi ed aprirsi in modo semplice e spontaneo. La pet therapy con il gatto, spesso, viene utilizzata anche con i bambini che hanno il disturbo da deficit di attenzione (ADHD). In questo caso, i gatti aiutano i piccoli amici a trovare il loro equilibrio interno e a concentrarsi. I bambini, in  generale, possono fare tanti giochi con i gatti, che adorano interagire con fili che si muovono, palline e topini di peluche da rincorrere.\r\n<p><b>\r\n</b></p><p><b>Gatti e anziani\r\n</b></p>Stare a contatto con i gatti ha effetti benefici non solo sulle persone che affrontano delle patologie, ma anche sugli anziani in generale. Oggi, infatti, si sta comprendendo sempre di più quanto faccia bene, alle persone anziane, il contatto con i gatti. Sempre più spesso, dunque, le case di riposo consentono ai residenti di portare con sé il proprio animale domestico. Molte strutture, poi, hanno al loro interno dei gatti che vivono lì e offrono un servizio di pet therapy condotto da operatori specializzati. I gatti coinvolti in queste attività hanno un ruolo fondamentale nella quotidianità degli anziani residenti della struttura, perché sono un diversivo, motivo di conversazione e divertimento. Anche il semplice osservare un gatto dormire nella propria cuccia, infatti, ha un effetto calmante e rilassante.</p><p>\r\n<p><b>\r\nGatti e malati di alzheimer\r\n</b></p>È stato dimostrato che con persone affette da demenza, la presenza di un gatto migliora la loro attenzione, la capacità di comunicazione e la loro empatia. Inoltre, le persone affette da demenza e alzheimer migliorano se possono prendersi cura di un gatto, La vicinanza dei piccoli felini, animali attivi ed affettuosi, infatti, ha la capacità di rallentare il progredire della malattia. In generale, la cat therapy sfrutta le qualità rasserenanti e calmanti dei gatti come supporto alle cure psichiatriche. Lo scopo di questa collaborazione, infatti, è quello di ridurre gli effetti negativi della malattia. Recenti studi, inoltre, hanno dimostrato che gli anziani che hanno animali da compagnia presentano un maggior benessere sotto il profilo psicologico e una maggiore capacità di svolgere le attività della quotidianità.\r\n<p><b>\r\n</b></p><p><b>La pet therapy nella quotidianità\r\n</b></p>Numerosi studi hanno dimostrato che la presenza di un gatto in casa migliora la salute in generale. Dal punto di vista psicologico, ad esempio, trascorrere del tempo con un gatto aiuta a ridurre gli stati di ansia e stress. È, quindi, un toccasana per chi soffre di depressione o attacchi di panico. Dal punto di vista fisico, è evidente che muoversi per giocare con un gatto aiuta l’apparato cardio-circolatorio, riduce il colesterolo, mantiene i livelli ottimali di glicemia e aiuta ad evitare picchi di pressione alta. Inoltre, per molte persone che affrontano patologie, instaurare un rapporto con un gatto è molto più semplice, perché la comunicazione si basa sull’empatia.\r\n<p><b>\r\n</b></p><p><b>Gli specialisti\r\n</b></p>La pet therapy viene svolta da specialisti del settore. Bisogna, infatti, formarsi attraverso master riconosciuti. Questi specialisti, generalmente, sono psicologi, psichiatri, medici veterinari, pediatri, che collaborano per creare le condizioni adatte ad una buona interazione uomo-gatto. È, questo, un percorso che permette di vivere molte emozioni ed esperienze, ma che deve avvalersi di figure professionali, affinché tutto sia svolto con professionalità e in sicurezza. Gli specialisti, quindi, devono lavorare insieme affinché si arrivi ad ottenere risultati positivi e sorprendenti. Tra gli animali attualmente riconosciuti troviamo il cane, il gatto, il cavallo, l’asino e il coniglio.\r\n<p><b>\r\n</b></p><p><b>I corsi per cani e per operatori\r\n</b></p>Nel corso del tempo, è sorta la necessità di regolamentare la formazione dei professionisti e i protocolli da seguire. Oggi, quindi, per diventare un professionista di interventi assistiti con gli animali bisogna seguire corsi specifici, erogati da università da enti accreditati con le regioni. Il Ministero della Salute, al fine di rendere standard i protocolli operativi, ha istituito il CRN, Centro di Referenza Nazionale per gli interventi assistiti con gli animali. Nel 2015, poi, sono state approvate le linee guida nazionali per gli interventi assistiti con gli animali.\r\n<p><b>\r\n</b></p><p><b>I gatti più adatti alla pet therapy\r\n</b></p>Iniziamo con il dire che tutti i gatti, nella quotidianità, sono adatti alla pet therapy. I benefici per chi vive con un gatto in casa, infatti, sono tanti. Quando, nello specifico, la pet therapy viene usata come supporto ad altre terapie, ci sono alcune razze considerate più adatte. Il primo è il Gatto Persiano, con un temperamento tranquillo e pacato, adatto a stare con i più piccoli e con gli anziani. C’è, poi, il Gatto Siberiano, con un carattere molto docile e giocoso. Anche il Gatto Scottish Fold è considerato molto affettuoso, docile e amante della vita in appartamento. Infine, il Gatto Certosino, con la sua pazienza e dolcezza.<p></p></p>', '1670195426.jpg', 0, 0, '2022-12-04 23:10:26'),
(69, 32, 96, 'Prima regola', 'primaregola', 'Segnali di allarme possono arrivare da partner, amici, parenti che, ad un certo punto, si accorgono che qualcosa non funziona, che qualcosa &egrave; cambiato e lo dicono. Purtroppo, di solito, non vengono presi in considerazione ma &egrave; un peccato. Raramente hanno completamente torto. Quindi, prima regola, se qualcuno ha acceso una spia di allarme, la cosa deve essere valutata molto seriamente.\r\nA questo punto ci si potrebbe chiedere se chi ha comportamenti particolari o esagerati (&egrave; difficile trovare le parole giuste ma ci siamo capiti) che riguardano l&rsquo;utilizzo di droghe, farmaci, alcol oppure il gioco, il sesso, l&rsquo;utilizzo della Rete ecc. &egrave; per forza un &ldquo;malato&rdquo; e ha una dipendenza patologica. La risposta &egrave; no. Non &egrave; per forza un &ldquo;malato&rdquo; ma probabilmente &egrave; in una situazione di rischio.\r\nAd esempio senz&rsquo;altro chi usa droghe o farmaci non prescritti, corre seri rischi per la salute fisica e psichica; l&rsquo;alcol &egrave; una sostanza tossica e cancerogena e, quindi, probabilmente non esiste una soglia di consumo sicura e salutare, come qualcuno vorrebbe far credere; esagerare con il gioco d&rsquo;azzardo, statisticamente impoverisce. Ma anche per sesso, rete &hellip; ecc. vale l&rsquo;antico proverbio &ldquo;il troppo storpia&rdquo;. Questo non significa, per&ograve; che siamo di fronte a malattie da curare. Molti delle situazioni descritte, per&ograve;, possono generare malattie e, una di queste &egrave;  la  dipendenza patologica: una situazione in cui la vita della persona si polarizza sull&rsquo;oggetto della dipendenza. Praticamente, nel caso migliore, la cosa pi&ugrave; importante &egrave; la droga, l&rsquo;alcol il farmaco, il gioco, il sesso, le Rete ecc. qualunque altra cosa diventa secondaria. Detto cos&igrave; pu&ograve; non fare molto effetto ma c&rsquo;&egrave; chi, per questa strada, ha perso tutto: famiglia, lavoro, amici, passioni, desideri. Anche se sembra assurdo per una dipendenza patologica si pu&ograve; rinunciare anche alla salute ed alla vita stessa perch&eacute; si &egrave; perso completamente il controllo della situazione.\r\nC&rsquo;&egrave; cio&egrave; una differenza significativa tra un comportamento a rischio e una malattia e, per quanto riguarda le dipendenze patologiche, esiste anche un tempo relativamente lungo (spesso anni) per arrivare alla malattia conclamata. Il problema &egrave; che, quando &egrave; conclamata, &egrave; anche cronica. Oppure pu&ograve; essere acuta e grave. Tanto per intendersi, si pu&ograve; andare fuori di testa o finire al pronto soccorso anche se non si &egrave; tossicodipendenti o anche se, sino a quel momento, tutto sembrava andare bene. Insomma molte persone che usano sostanze o hanno comportamenti a rischio, ad esempio con il gioco d&rsquo;azzardo,  sono nella situazione di chi cade da un grattacielo e, ad ogni piano in discesa, si dice &ldquo;per ora tutto bene&rdquo;.', '1670196650.png', 0, 1, '2022-12-04 23:30:50'),
(70, 32, 96, 'Seconda regola', 'secondaregola', 'Quindi, seconda regola, il miglior modo per uscire da una dipendenza patologica &egrave; non arrivarci e, visto che c&rsquo;&egrave; tempo, fare qualcosa prima anche perch&eacute;, in alcuni casi, prima di arrivare ad una dipendenza patologica conclamata, possono egualmente accadere una serie di situazioni spiacevoli, gravi e invalidanti che possono riguardare la salute, la vita di relazione o l&rsquo;ambito penale che, senz&rsquo;altro, vale la pena di prevenire. Anche la persona pi&ugrave; sicura di s&eacute;, se non ha completamente razionalizzato che qualcosa non va, avverte, comunque, la possibilit&agrave; di poter perdere il controllo (o di averlo gi&agrave; perso) in determinate situazioni: non bisogna sottovalutare questi segnali di pericolo, cos&igrave; come eventuali avvertimenti esterni. La sottovalutazione &egrave; diretta conseguenza del fatto che le sostanze o i comportamenti additivi stimolano i centri del piacere e dell&rsquo;autoricompensa e nessuno di noi &egrave; strutturato per poter connettere il piacere o la soddisfazione a qualcosa di negativo o alla perdita di controllo di noi stessi e della nostra progettualit&agrave;. La sottovalutazione &egrave; anche dovuta alla mancata conoscenza di questi meccanismi ed alle martellanti comunicazioni che ci spiegano come le dipendenze patologiche siano patrimonio dei diversi, dei deboli, degli stupidi, dei malati di mente, dei devianti ecc. &hellip; insomma: degli altri. C&rsquo;&egrave; chi arriva addirittura a negarne l&rsquo;esistenza.\r\nIn parte, quindi, si tratta di ignoranza nostra, in parte di informazione alterata che ci viene trasmessa. Per chi delle situazioni additive fa mercato, ad esempio, &egrave; importante costruire occasioni di consumo, meglio se eccessivo e &ldquo;no limits&rdquo;: sono quelle che rendono di pi&ugrave;. In questi casi, dicendoci di bere, di giocare o di drogarci &ldquo;responsabilmente&rdquo;, viene rafforzata la nostra convinzione che sia sempre possibile mantenere il controllo individuale di situazioni a rischio, anche se, purtroppo, non &egrave; vero. Ci sono anche altre situazioni, meno visibili, che riguardano il sesso, la pornografia in rete ma anche gli acquisti in genere ed i prodotti finanziari che, tuttavia, in modo analogo, ci portano a situazioni di rischio, illudendoci di poter mantenere il controllo. A volte ci si rende conto di questi meccanismi di &ldquo;advertising&rdquo; o della azione di &ldquo;influencer&rdquo; in materia per promuovere i consumi. Questo ci rende sicuri che influenzeranno altri e non noi &hellip; che &egrave; proprio ci&ograve; che si vuole attenere: l&rsquo;abbassamento della guardia.\r\nIn ogni caso il passaggio da situazioni a rischio alla dipendenza patologica avviene per gradi e, normalmente esiste un tempo per fare qualcosa. Quindi facciamolo prima che qualcosa di negativo accada.', '1670786433.png', 2, 0, '2022-12-04 23:32:06');
INSERT INTO `posts` (`pid`, `p_bid`, `p_uid`, `nome`, `slug`, `descrizione`, `immagine`, `likes`, `status`, `data_postato`) VALUES
(71, 32, 96, 'Terza regola', 'terzaregola', 'Non &egrave; vero che non ci sia niente da fare (mai)! Dico questo perch&eacute; &egrave; diffuso, sebbene difficilmente dichiarato il &ldquo;sottopensiero&rdquo; che se non c&rsquo;&egrave; una dipendenza patologica non ci sia nulla da curare e che se, invece, c&rsquo;&egrave; una dipendenza patologica sia incurabile. Egualmente esiste ed &egrave; viva una corrente di pensiero che ci spiega in modo pi&ugrave; o meno scientifico che la dipendenza patologica, anche negli animali da esperimento, &egrave; connessa al fatto che questi non hanno alternative ma, creandole (esempio parchi gioco per topi), questi scelgono il gioco, anche rispetto alle droghe additive. Ho molto rispetto per le scelte dei topi, ma forse noi siamo diversi e, non per nulla, siamo anche capaci di giocare in modo patologico.\r\nDetto ci&ograve;, non so se, come dicono alcuni Colleghi, la dipendenza patologica sia UNA malattia del cervello (o del controllo degli impulsi) ma, senza dubbio, molti strumenti che fanno parte della psicoterapia e pi&ugrave; in generale della clinica (medica e psicologica) permettono di prevenirla, di prendersene cura, di guarirla o di ridurne i sintomi. Anche percorsi educativi e cognitivi &ndash; comportamentali possono ottenere ottimi risultati. I percorsi dei gruppi di auto aiuto, inoltre, hanno un grande valore sia quando si inizia a perdere il controllo che quando, ormai, francamente la situazione &egrave; precipitata.\r\nPi&ugrave; che UNA (singola) malattia, direi che la dipendenza patologica &egrave; una sindrome (un insieme di sintomi) di qualcosa che non funziona pi&ugrave; o funziona male e, quindi, bisogna comprendere quale strada sia percorribile, per sciogliere un nodo che sembra insolubile. Le cause sono spesso molteplici ed &egrave; la loro confluenza in particolari momenti di vita a provocare disastri.\r\nCome dicevamo prima, tra situazioni oggettivamente a rischio e l&rsquo;insorgere di una dipendenza patologica conclamata esiste un tempo. Purtroppo nessuno &egrave; ragionevolmente cognito a priori di quanto ampia sia questa finestra temporale e, inoltre, consiglierei di non immaginare che esista uno stacco netto tra situazione a rischio e patologia conclamata quanto, piuttosto, una sorta di percorso di continuit&agrave; che pu&ograve; compiersi, non compiersi, fermarsi, ricominciare nel tempo.', '1670786488.png', 0, 0, '2022-12-04 23:33:20'),
(72, 32, 96, 'Quarta regola', 'quartaregola', 'In caso di dubbio chiedere di essere aiutati a capire meglio, in caso di certezza diagnostica iniziare un percorso di cura il pi&ugrave; presto possibile ma, sempre, con persone esperte. Cosa intendo per &ldquo;al pi&ugrave; presto possibile&rdquo;? Cosi come si farebbe in caso di un sospetto di cancro o di infarto: insomma di una malattia grave perch&eacute;, purtroppo, la dipendenza patologica lo &egrave; e, come il cancro o un infarto, pu&ograve; essere molto invalidante o addirittura, direttamente o indirettamente, mortale.\r\nCome scegliere la persona esperta? Normalmente i Servizi Pubblici per le Dipendenze (per sapere dove sono chiedere alla Azienda Sanitaria Locale o guardare sul relativo sito web) sono ricchi di personale esperto ed, in ogni caso, conoscono il territorio e possono dare ulteriori indicazioni a chi vuole intraprendere un percorso di qualunque genere. Un Servizio Pubblico, comunque, &egrave; un buon approccio per avere una diagnosi e per capire se sia necessario iniziare o meno un percorso di cura o qualche altro tipo di azione. In alcune Regioni, come la Lombardia, esistono anche Servizi Accreditati privati che svolgono la stessa funzione. L&rsquo;accreditamento del Servizio da parte della propria Regione &egrave; una buona garanzia di base.\r\nSpesso i Servizi Pubblici hanno molti pazienti e non hanno alcun interesse a spingere ad un trattamento, se non &egrave; necessario. Questa &egrave; una garanzia di oggettivit&agrave;.\r\nOvviamente esistono anche ottimi professionisti e centri di cura che lavorano privatamente, ma, in questo caso, bisogna avere buone referenze e non andare a caso per scegliere a chi rivolgersi. L&rsquo;esperienza in questo campo non si inventa dal nulla anche, perch&eacute; non esistono scuole di specializzazione in questa materia e, comunque, i corsi di tipo teorico esistenti sono solo una parte di ci&ograve; che &egrave; necessario apprendere per intervenire. Un medico specialista in psichiatria, uno psicologo o uno psicoterapeuta possono anche non avere un reale percorso curriculare nell&rsquo;ambito del trattamento delle dipendenze patologiche.\r\nL&rsquo;ideale sarebbe essere sicuri che il professionista / centro di cura, a cui ci si rivolge, agisca secondo lo stato dell&rsquo;arte delle conoscenze tecniche e scientifiche che riguardano la materia. Questa sicurezza &egrave; difficile da raggiungere per una persona che queste conoscenze non le ha. Per cui ritorniamo all&rsquo;inizio di questo paragrafo. O si hanno ottime e sicure referenze o, no', '1670197439.png', 1, 0, '2022-12-04 23:43:59'),
(73, 32, 96, 'Quinta regola', 'quintaregola', 'Considerare che se viene proposto un percorso &ldquo;standard&rdquo; di diagnosi o di trattamento &egrave; perch&eacute; &egrave; stato sperimentato e funziona. Anche se esistono professionisti &ldquo;singoli&rdquo;, in grado di costruire percorsi diagnostici e terapeutici molto individualizzati e di buon livello, spesso &egrave; utile rivolgersi a Servizi / Equipe multidisciplinari in cui lavorano insieme medici, infermieri, psicologi, assistenti sociali, educatori professionali e altri professionisti. In questo caso (frequente nei Servizi Pubblici) i percorsi, soprattutto in fase iniziale, sono relativamente standardizzati, anche se possono variare da sede a sede e da equipe ad equipe. La persona &egrave; coinvolta in colloqui con professionisti diversi che tendono a comprendere la situazione dal punto di vista di discipline diverse, prima di arrivare ad una sintesi. A volte &egrave; prevista la partecipazione a gruppi, a volte &egrave; richiesta la partecipazione dei familiari ecc.\r\nQuesti percorsi, di norma, sono stati pi&ugrave; volte sperimentati e progressivamente perfezionati nel tempo. Da una parte rispondono all&rsquo;esigenza di fornire risposte a persone diverse, ottimizzando l&rsquo;impiego di risorse umane (un professionista singolo, specie intervenendo privatamente, pu&ograve; essere pi&ugrave; flessibile). Ma va tenuto presente che i percorsi &ldquo;standard&rdquo; proposti da Servizi / Equipe multidisciplinari sono tali perch&eacute; &hellip; funzionano. Se e quando non vengono adattati alle esigenze dei singoli non tanto per insensibilit&agrave; o per necessit&agrave; organizzative, quanto perch&eacute; alternative differenti si sono dimostrate perdenti.', '1670197493.png', 1, 0, '2022-12-04 23:44:53'),
(74, 32, 96, 'Errori da non fare', 'erroridanonfare', '&ndash; Pensare di trovare su di un motore di ricerca la soluzione farmacologica o meno al proprio problema. Forse non ci siamo capiti ma &hellip; qui stiamo parlando di situazioni a rischio di patologie molto gravi, spesso invalidanti, talvolta mortali o, comunque, in grado di peggiorare gravemente la qualit&agrave; della vita di chi le contrae e di chi ci vive vicino. Diagnosticare di cosa si tratti non &egrave; semplice e, di conseguenza, non &egrave; semplice trovare il percorso migliore, anche per professionisti molto preparati.\r\n&ndash; Ricorrere al &ldquo;fai da te&rdquo;. Ci sono persone che escono da una dipendenza patologica anche senza alcun aiuto. &Egrave; possibile ma, in genere, &egrave; anche inutilmente rischioso. Ci sono situazioni di astinenza che possono essere anche mortali (per esempio l&rsquo;astinenza da alcol se subentrano complicazioni), altre che possono provocare problemi difficili da gestire. Inoltre superare la fase iniziale di astinenza o di distacco dall&rsquo;oggetto della dipendenza (che pu&ograve; anche non essere legata a sostanze) &egrave; solo la prima parte di un percorso che funziona meglio ed ha migliori risultati quando &egrave; &ldquo;guidato&rdquo;.\r\n&ndash; Pensare che esista un farmaco di qualunque genere che possa risolvere un problema di dipendenza patologica o una situazione a rischio: i farmaci possono esser utili, in qualche caso indispensabili per la cura, ma nulla di pi&ugrave;. Il farmaco miracoloso che pu&ograve; risolvere da solo una qualsiasi situazione di dipendenza patologica, non esiste.\r\n&ndash; Pensare che esista un Guru che possiede la verit&agrave; e, quindi, conosce una via verso la salvezza che non &egrave; nota agli altri. Aspettarsi miracoli &egrave; un bel segno di fede ma, in questo campo non aiuta e passivizza.\r\n&ndash; Pensare che esista un particolare percorso che sia la risposta a qualunque male. Ritorniamo ai punti precedenti. Nessun intervento serio &egrave; buono o cattivo in assoluto. Bisogna comprendere bene di cosa si tratta, prima di proporre un percorso di qualunque genere. Sbagliare nella scelta del percorso &egrave; senz&rsquo;altro una perdita di tempo, ma le perdite di tempo sono pericolose perch&eacute; il tempo per curare e prendersi cura non &egrave; illimitato, prima che si producano danni o peggiori la situazione.\r\n&ndash; Pensare che iniziare un qualsiasi percorso di cura corrisponda con la guarigione o con la immediata scomparsa dei sintomi. E&rsquo; vero che esiste anche l&rsquo;effetto placebo ma non &egrave; ragionevole attendersi risultati da un percorso di cura quando &egrave; ancora tutto da fare. Ci sono situazioni che, a volte, migliorano molto rapidamente nel momento in cui inizia un percorso di cura, ma &egrave; meglio tenere presente che questo miglioramento non &egrave; la guarigione. Il troppo ottimismo, in questi casi, e l&rsquo;abbandono precoce del percorso che ne consegue, sono da evitare accuratamente.\r\n&ndash; Pensare di poter aderire passivamente a un percorso di cura: in questo tipo di trattamenti o il paziente partecipa in modo attivo o non funzionano. Lo dico soprattutto a chi spera diversamente per s&eacute; o per altri.\r\n&ndash; Pensare che un terapeuta o un altro siano indifferenti: della esperienza abbiamo gi&agrave; parlato ma ribadisco che in questi percorsi il paziente deve lavorare con il terapeuta o i terapeuti. Quindi, nel limite del possibile, &egrave; importante scegliere. Sar&ograve; banale ma nessuno di noi, potendo scegliere, lavorerebbe al lungo e con successo con una persona con cui non trova la giusta intesa, di cui non si fida o che non stima. Purtroppo uno dei limiti dei Servizi Pubblici &egrave; che la possibile scelta dei terapeuti in una singola sede &egrave;, ovviamente, limitata. Se esiste una unica equipe, ad esempio, non c&rsquo;&egrave; scelta alternativa. Purtroppo per ragioni amministrative ed organizzative (a mio parere incostituzionali), molte Aziende Sanitarie permettono l&rsquo;accesso solo al Servizio competente per la specifica zona di residenza.\r\n&ndash; Colpevolizzarsi per una ricaduta nel comportamento additivo durante il percorso di cura. Durante la cura non si &egrave; guariti; ci si sta curando. Per avere un successo stabile ci vuole tempo. Quindi, pi&ugrave; che colpevolizzarsi, &egrave; necessario utilizzare la ricaduta per costruire esperienza: raccoglierne i segni premonitori per non ripeterla.\r\n&ndash; Pensare che si possa stare in cura per tempi lunghi senza alcun risultato. Va bene la fiducia ed il dare tempo al tempo, ma alcuni risultati positivi (dopo alcuni mesi di trattamento, non subito!!) devono essere evidenti: se non ci sono, il percorso deve essere rivalutato. Se per&ograve; ci sono risultati, anche parziali, di solito &egrave; meglio non abbandonare il trattamento in corso, per cercare qualcosa di differente.\r\n&ndash; Pensare che non si possa guarire da una dipendenza patologica: alcuni lo teorizzano e fa parte della cultura esperienziale anche di importanti gruppi di auto-aiuto. Vi sono lavori scientifici che rappresentano la dipendenza patologica come cronica e recidivante ma anche lavori che ci parlano di tossicodipendenze che si sono, nel tempo, risolte anche senza cure. Nel bene o nel male siamo individui, partecipi della nostra storia: le statistiche possono essere utili, ma il nostro destino rimane individuale, nel bene e nel male. La mia esperienza &egrave; che si possa uscire completamente da una dipendenza patologica, anche se la situazione individuale richiede molta attenzione nel tempo: il rischio di ricaduta o di contrarre una nuova, diversa, dipendenza patologica &egrave; reale per molte persone. Tenerlo sempre presente in modo attivo e comportarsi di conseguenza, tuttavia, ha un effetto protettivo.\r\n&ndash; Pensare che la dipendenza patologica sia l&rsquo;unico rischio per chi ha comportamenti additivi. Negli USA, in un anno, muoiono pi&ugrave; persone per overdose di quante ne siano morte nella guerra del Vietnam. Ogni dieci anni per l&rsquo;uso di alcol, tabacco e altre droghe, muoiono nel mondo circa 100 milioni di persone. Tra queste solo una parte ne erano dipendenti in modo conclamato. Per questo &egrave; necessario intervenire il pi&ugrave; precocemente possibile. Per questo anche in caso di dubbio &egrave; meglio approfondire con persone esperte. Naturalmente chi ha comportamenti additivi non da sostanze si sente pi&ugrave; al &ldquo;sicuro&rdquo; ma &hellip; attenzione. Per chi &egrave; vivo la qualit&agrave; della vita non &egrave; secondaria e ci sono comportamenti additivi che per ragioni diverse, possono diventare devastanti anche se, non necessariamente, uccidono\r\n&ndash; Pensare che in fondo c&rsquo;&egrave; tempo e, quindi, &egrave; meglio godersela. Se una persona aderisce a questo tipo di risposta vuol dire che si &egrave; gi&agrave; posta qualche interrogativo. I comportamenti additivi, in fase iniziale, tuttavia, sono fonte di forme di piacere che prevalgono su altre considerazioni. Ancora una volta ricordo di non sottovalutare certi segnali di allarme; se qualche dubbio ci passa per la testa una ragione c&rsquo;&egrave;. Dirsi che gi&agrave; ci sono tanti problemi e, quindi, non &egrave; il caso di togliersi ci&ograve; che &egrave; in grado di procurare piacere &egrave; un modo pericoloso per rimandare una corretta lettura della realt&agrave;. L&rsquo;uso di sostanze e i comportamenti additivi sono quasi sempre un problema in pi&ugrave;, che si aggiunge agli altri che, ogni giorno, affrontiamo.\r\n&ndash; Rivolgersi a un terapeuta o ad una equipe di cura e non seguire le indicazioni, oppure e mentire riguardo alla propria situazione. Questa &egrave; semplicemente una idiozia: tempo perso per tutti che potrebbe essere dedicato a cose migliori.\r\n&ndash; Credere che l&rsquo;uscita da situazioni a rischio o da dipendenze patologiche sia un percorso lineare. Non lo &egrave;. Soprattutto quando esistono interventi psicoterapici di qualunque genere &egrave; probabile che la situazione complessiva sia ad alti e bassi, con periodi di franco miglioramento ed altri di completa stasi o di peggioramento. Quando la situazione peggiora, normalmente, chi &egrave; in trattamento pensa di essere tornato al punto di partenza anche se non &egrave; mai cos&igrave;. L&rsquo;importante &egrave; che, progressivamente la situazione migliori. Se il percorso &egrave; corretto tuttavia i bassi saranno sempre meno bassi e gli alti &hellip; pi&ugrave; alti.\r\n&ndash; Essere troppo &ldquo;teneri&rdquo; con se&rsquo; stessi. Intendiamoci, per uscire da una dipendenza patologica bisogna volersi bene, ma il compatirsi &egrave; solo negativo e controproducente. Esiste una sorta di adattamento a qualunque patologia che, se da una parte &egrave; utile per superarla, dall&rsquo;altra pu&ograve; essere deresponsabilizzante, cronicizzante e impedire evoluzioni positive che sono perfettamente raggiungibili. Si pu&ograve; sempre trovare una ragione per non fare, per sentirsi sfortunati o meno dotati degli altri e, quindi, per rimanere come si &egrave;. E&rsquo; il segno della cronicit&agrave;: ci&ograve; che la pu&ograve; mantenere viva e presente per sempre.\r\n&ndash; Essere troppo &ldquo;duri&rdquo; con s&eacute; stessi. E&rsquo; l&rsquo;errore opposto al precedente. Contrarre una dipendenza patologica pu&ograve; essere parzialmente una conseguenza di scelte sbagliate o di errori di valutazione, ma non &egrave; una &ldquo;colpa&rdquo;. I fattori che conducono ad una dipendenza patologica sono molteplici e solo in parte sono riconducibili alla volont&agrave;, anche perch&eacute; nessuno anche il pi&ugrave; &ldquo;pazzo&rdquo; di noi &ldquo;sceglierebbe&rdquo; consapevolmente questa patologia, conoscendola.\r\n&ndash; Credere che se si ha una dipendenza patologica, sia l&rsquo;unica nostra malattia. Non &egrave; raro che alle dipendenze patologiche si accompagnino altre patologie, spesso curabili, che aggravano la situazione. Per questo sono necessari percorsi diagnostici accurati. Se il tono dell&rsquo;umore &egrave; spesso alterato, ad esempio, pu&ograve; essere che ci sia un problema che non &egrave; necessariamente conseguenza della dipendenza ma pu&ograve; addirittura esserne una concausa. Egualmente se ci sono ossessioni o compulsioni. Curare la dipendenza e trascurare il resto pu&ograve; essere un grave errore. Quando la dipendenza &egrave; da sostanze (droghe, alcol, farmaci ecc.) anche la situazione fisica va verificata molto bene perch&eacute; &egrave; difficile che non ci siano alterazioni che non debbano essere tenute sotto controllo-\r\n\r\nPensare che uscire da una dipendenza patologica sia una sorta di pena e di sofferenza da scontare. I percorsi possono essere lunghi ed inevitabilmente complessi. Spesso richiedono molto impegno ma sono una esperienza veramente liberatoria e, in questo senso, inebriante. Uscire da una dipendenza patologica permette di conoscersi meglio e di scoprire risorse interne che, probabilmente, nemmeno si pensava di avere; di aprire nuovi orizzonti verso una &ldquo;rinascita&rdquo; individuale e di relazione con la propria vita, con gli altri e col mondo. Il &ldquo;dopo&rdquo; &egrave; la ri-acquisizione di abilit&agrave; e di possibilit&agrave; che &ldquo;prima&rdquo; erano perse o coartate.', '1670197586.jpg', 0, 0, '2022-12-04 23:46:26'),
(78, 33, 96, 'Crostata senza uova', 'crostatasenzauova', '<p><b>Preparazione</b>&nbsp;</p><p><b>La frolla senza uova<br></b><span style=\"font-size: var(--bs-body-font-size); font-weight: var(--bs-body-font-weight); text-align: var(--bs-body-text-align);\">Versate la farina, lo zucchero e il lievito in una ciotola piuttosto capiente.<br></span><span style=\"font-size: var(--bs-body-font-size); font-weight: var(--bs-body-font-weight); text-align: var(--bs-body-text-align);\">Mescolate bene, quindi aggiungete prima l\'olio e poi il latte un po\' per volta, lavorando l\'impasto con le mani e modellandolo fino ad ottenere un panetto sodo e liscio.<br></span><span style=\"font-size: var(--bs-body-font-size); font-weight: var(--bs-body-font-weight); text-align: var(--bs-body-text-align);\">Coprite con pellicola elasciate riposare per circa 30 minuti.<br></span><span style=\"font-size: var(--bs-body-font-size); font-weight: var(--bs-body-font-weight); text-align: var(--bs-body-text-align);\">Poi prendetene due terzi e stendetelo su un piano da lavoro con l\'aiuto di un matterello. Aggiungete un po\' di farina in superficie per non far attaccare la frolla.\r\n\r\nCrostata<br></span><span style=\"font-size: var(--bs-body-font-size); font-weight: var(--bs-body-font-weight); text-align: var(--bs-body-text-align);\">Oliate e infarinate con generosità uno stampo e sistemate la frolla al suo interno, facendo attenzione a far aderire per bene la pasta alle pareti dello stesso.<br></span><span style=\"font-size: var(--bs-body-font-size); font-weight: var(--bs-body-font-weight); text-align: var(--bs-body-text-align);\">Versate la marmellata all\'interno e schiacciate i bordi della frolla verso l\'interno, aiutandovi con una forchetta.&nbsp;<br></span><span style=\"font-size: var(--bs-body-font-size); font-weight: var(--bs-body-font-weight); text-align: var(--bs-body-text-align);\">Stendete la pasta frolla avanzata e ricavatene con una rotella tante striscioline, con cui ricoprire la sommità della crostata stessa.<br></span><span style=\"font-size: var(--bs-body-font-size); font-weight: var(--bs-body-font-weight); text-align: var(--bs-body-text-align);\">Infornate a 180 gradi per 35 minuti, quindi fatela raffreddare alcuni minuti prima di servirla in tavola.</span></p>', '1670199341.jpg', 0, 0, '2022-12-05 00:15:41'),
(81, 34, 98, 'Austria', 'austria', '<p><b>Città d\'arte, paesaggi incantevoli, sapori genuini e ospitalità, un viaggio in Austria è tutto da scoprire e va oltre le mete più note</b></p><p><b><br></b>Viaggiando troverete alte vette e valli remote, vigneti e giardini, laghi turchesi e boschi dalle mille sfumature di verde, cittadine e villaggi da fare invidia alla stessa Heidi.\r\n</p><p>\r\n \r\n\r\nCon il post di oggi sul blog voglio raccontarvi il mio viaggio in Austria ideale, un itinerario che fa il giro del Paese alla scoperta delle sue città e posti segreti.\r\n\r\n\r\n\r\nMa vediamo le cose con ordine.\r\n\r\n\r\n\r\nLa prima cosa da fare per organizzare un viaggio in Austria è scegliere il mezzo di trasporto. Se volete visitare molte cose, i mezzi ideali sono: la macchina e il treno.\r\n\r\nCon la macchina ovviamente si avrà più libertà, mentre, con il treno e i bus locali, bisognerà concentrarsi solo su determinate aree visto che i tempi di spostamento e di attesa aumenteranno.\r\n\r\n\r\n\r\n\r\nSe arrivate in macchina dovrete anche acquistare la Vignetta per l\'autostrada prima di entrare in Austria.\r\n\r\nCon queste premesse possiamo iniziare il nostro itinerario ad anello. \r\n\r\nDue sono le principali porte d\'entrata in Austria: il Passo del Brennero, in Tirolo, e Villach in Carinzia. \r\n\r\n \r\n\r\nQueste due regioni saranno pertanto il punto iniziale o finale del vostro viaggio</p>', '1670532328.jpg', 3, 0, '2022-12-08 20:45:28'),
(82, 34, 98, 'Portogallo', 'portogallo', '<p><b>Cosa vedere a Lisbona: guida alla sua bellezza e ai suoi colori Lisbona, settembre 2016:</b> </p><p>Il cielo è di un azzurro intenso, senza una nuvola.\r\n</p><p>\r\nIl cielo di Lisbona – mi dicono – è sempre così: abbagliante, perfetto, pulito…il primo luogo che vale la pena vedere è la Praça do Comércio che finisce direttamente sul fiume Tago e che, a sua volta, si getta nell’oceano. Un’orchestrina suona una melodia struggente, che rimanda a terre lontane, una donna di colore canta di fronte al fiume.\r\n</p><p>\r\nLa Praça do Comércio è uno dei luoghi centrali della Baixa, il quartiere che si trova al centro di Lisbona. Si tratta di una delle piazze più grandi d’Europa, quadrata e con i lati di 170 metri.\r\n</p><p>\r\nDando le spalle al Tago ci si trova davanti l’Arco Trionfale, realizzato nel 1785, mentre al centro della Piazza si erge la statua di Re José I. Su tutto spiccano l’azzurro del cielo, il blu del mare, il bianco degli edifici.\r\n</p><p>\r\nUn contrasto forte, così come intensi e decisi sono i colori della città: il giallo del tram 28, gli edifici dalle tinte vivaci, le macchie di vegetazione, di un verde declinato in varie sfumature, le vetrine, i negozi, le librerie e i teatri, ciascuno con una sua forte connotazione cromatica.\r\n</p><p>\r\nIl posto forse più vivace e vitale di Lisbona è il Chiado, che si trova davanti alla Baixa.\r\n</p><p>\r\nTrattasi del quartiere dello shopping e delle pasticcerie, distrutto da un incendio nel 1988 ma ad oggi perfettamente ricostruito dall’architetto Alvaro Siza Vieira.\r\n</p><p>\r\nUn turbinio di voci, persone, auto, negozi, turisti caratterizza questo vivace microcosmo all’interno del sistema-città di Lisbona. Un mondo brulicante di teatri, musei, gallerie d’arte e splendidi negozi tradizionali.\r\n</p><p>\r\nIl tutto collegato da strette viuzze e vicoli inaccessibili alle auto, con spettacoli e animazioni lungo le strade che lo attraversano.\r\n</p><p>\r\nDa qui alla Cattedrale il passo è breve, così come al Castello che domina la città e alla famosissima Torre di Belém, un tempo avvolta dalle acque del Tago e oggi magicamente avvicinatasi alla riva del fiume quasi a riconciliarsi con la terra che un tempo aveva voluto allontanarla da sé per combattere le scorrerie dei pirati.\r\n</p><p>\r\nEppure su tutto ciò si erge come una nebbia sottile quella malinconica indolenza che si respira nell’aria della capitale portoghese e che avvolge ogni cosa, cullata dalle note del fado – la triste melodia dei pescatori portoghesi – e dalla brezza marina che risale il fiume per riversarsi senza sosta nei vicoli della città e disperdersi nelle mille storie di chi, tutti i giorni, la vive, la ama, la odia.</p>', '1670532445.jpg', 0, 0, '2022-12-08 20:46:55'),
(83, 35, 98, 'Risotto ai funghi porcini', 'risottofunghiporcini', '<p><b>Risotto ai funghi porcini</b>\r\n</p><p>Il risotto ai funghi porcini è un primo piatto prelibato dalla ricetta semplice. Cremoso ed avvolgente, molto delicato nella versione con i porcini freschi, è una pietanza autunnale perfetta in ogni occasione, dal pranzo alla cena. </p><p><b>\r\n\r\n\r\n\r\nINGREDIENTI\r\n</b>280 g riso Carnaroli\r\n</p><p>3 o 4 porcini freschi e sodi<br><span style=\"font-size: var(--bs-body-font-size); font-weight: var(--bs-body-font-weight); text-align: var(--bs-body-text-align);\">1 scalogno<br></span><span style=\"font-size: var(--bs-body-font-size); font-weight: var(--bs-body-font-weight); text-align: var(--bs-body-text-align);\">1/2 bicchiere di vino bianco<br></span><span style=\"font-size: var(--bs-body-font-size); font-weight: var(--bs-body-font-weight); text-align: var(--bs-body-text-align);\">150 cl di brodo (di carne o vegetale)<br></span><span style=\"font-size: var(--bs-body-font-size); font-weight: var(--bs-body-font-weight); text-align: var(--bs-body-text-align);\">50 g di burro<br></span><span style=\"font-size: var(--bs-body-font-size); font-weight: var(--bs-body-font-weight); text-align: var(--bs-body-text-align);\">100 g di Parmigiano Reggiano<br></span><span style=\"font-size: var(--bs-body-font-size); font-weight: var(--bs-body-font-weight); text-align: var(--bs-body-text-align);\">un ciuffo di prezzemolo<br></span><span style=\"font-size: var(--bs-body-font-size); font-weight: var(--bs-body-font-weight); text-align: var(--bs-body-text-align);\">olio extravergine di oliva<br></span><span style=\"font-size: var(--bs-body-font-size); font-weight: var(--bs-body-font-weight); text-align: var(--bs-body-text-align);\">sale<br></span><span style=\"font-size: var(--bs-body-font-size); font-weight: var(--bs-body-font-weight); text-align: var(--bs-body-text-align);\">pepe</span></p><p><b>\r\n\r\nCOME PREPARARE: RISOTTO AI FUNGHI PORCINI</b></p><p>\r\nPer realizzare il risotto ai funghi porcini dedicatevi per prima cosa alla pulizia dei funghi. Con un coltellino raschiate il gambo e tagliate accuratamente la parti più legnose. Con una spazzolina o un panno pulito eliminate tutti i residui di terra (ricordate che i funghi freschi non vanno lavati). Tagliate i fun<span style=\"font-size: var(--bs-body-font-size); font-weight: var(--bs-body-font-weight); text-align: var(--bs-body-text-align);\">ghi a fettine per la lunghezza lasciandoli interi o, se di dimensioni eccessive, separando i gambi dalle cappelle.\r\n\r\n\r\nTritate finemente lo scalogno e fatelo soffriggere in poco olio. Quando lo scalogno sarà diventato trasparente aggiungete il riso e fate tostare per qualche minuto. Sfumate con il vino bianco, tenendo ancora la fiamma alta e mescolate fino a quando il vino sarà evaporato del tutto. Proseguite dunque la cottura come di consueto, bagnando con un mestolo di brodo caldo alla volta aggiungendo il successivo quando il precedente sarà evaporato. Per cuocere il risotto saranno necessari 16-18 minuti.\r\n\r\n\r\nVerso metà cottura unite i funghi, mescolate delicatamente e procedete. Quando il riso risulterà cotto ma appena al dente spegnete il fuoco e aggiungete il burro e il formaggio grattugiato. Mantecate mescolando e fatelo riposare per un paio di minuti coperto. \r\n\r\n\r\nCompletate con il prezzemolo tritato e una macinata di pepe, quindi suddividete il risotto ai funghi porcini nei singoli piatti e servite.</span></p>', '1670532728.jpeg', 0, 0, '2022-12-08 20:51:05'),
(84, 35, 98, 'Risotto alle zucchine', 'risottozucchine', '<p><b>﻿Ingredienti\r\n</b></p><p>350 g<br><span style=\"font-size: var(--bs-body-font-size); font-weight: var(--bs-body-font-weight); text-align: var(--bs-body-text-align);\">Riso Carnaroli<br></span><span style=\"font-size: var(--bs-body-font-size); font-weight: var(--bs-body-font-weight); text-align: var(--bs-body-text-align);\">4 Zucchine<br></span><span style=\"font-size: var(--bs-body-font-size); font-weight: var(--bs-body-font-weight); text-align: var(--bs-body-text-align);\">100 gParmigiano reggiano<br></span><span style=\"font-size: var(--bs-body-font-size); font-weight: var(--bs-body-font-weight); text-align: var(--bs-body-text-align);\">50 gBurro<br></span><span style=\"font-size: var(--bs-body-font-size); font-weight: var(--bs-body-font-weight); text-align: var(--bs-body-text-align);\">500 ml Acqua<br></span><span style=\"font-size: var(--bs-body-font-size); font-weight: var(--bs-body-font-weight); text-align: var(--bs-body-text-align);\">2 cucchiaini dado vegetale fatto in casa<br></span><span style=\"font-size: var(--bs-body-font-size); font-weight: var(--bs-body-font-weight); text-align: var(--bs-body-text-align);\">cipolla<br></span><span style=\"font-size: var(--bs-body-font-size); font-weight: var(--bs-body-font-weight); text-align: var(--bs-body-text-align);\">2 bicchieri Vino bianco<br></span><span style=\"font-size: var(--bs-body-font-size); font-weight: var(--bs-body-font-weight); text-align: var(--bs-body-text-align);\">3 cucchiai Olio extravergine d’oliva</span></p><p><b>Preparazione:</b></p><p>Fate scaldare leggermente l’acqua e poi sciogliete il dado vegetale fatto in casa.\r\n\r\nLavate le zucchine, togliete le due estremità e tagliatele a cubetti.<br><span style=\"font-size: var(--bs-body-font-size); font-weight: var(--bs-body-font-weight); text-align: var(--bs-body-text-align);\">Mettete in una pentola l’olio extravergine di oliva e la cipolla tritata e, quando sarà caldo, mettete a cuocere le zucchine per circa 10 minuti girando continuamente.<br></span><span style=\"font-size: var(--bs-body-font-size); font-weight: var(--bs-body-font-weight); text-align: var(--bs-body-text-align);\">Togliete le zucchine dal fuoco e frullatele con due o tre cucchiai di brodo con un frullatore ad immersione poi tenete la crema di zucchine da parte.<br></span><span style=\"font-size: var(--bs-body-font-size); font-weight: var(--bs-body-font-weight); text-align: var(--bs-body-text-align);\">Nella stessa pentola dove avete cotto le zucchine mettete un cucchiaio di olio extravergine di oliva e fatelo scaldare.</span></p><p>\r\nAggiungete il riso e fatelo tostare qualche minuto fino a che diventerà trasparente.  Sfumate con il vino bianco e fatelo evaporare totalmente.<br><span style=\"font-size: var(--bs-body-font-size); font-weight: var(--bs-body-font-weight); text-align: var(--bs-body-text-align);\">Abbassate il fuoco, aggiungete un pochino di brodo vegetale e fate cuocere il risotto con zucchine per circa 10/15 minuti girandolo continuamente e aggiungendo brodo vegetale (fatto con il dado vegetale fatto in casa.<br></span><span style=\"font-size: var(--bs-body-font-size); font-weight: var(--bs-body-font-weight); text-align: var(--bs-body-text-align);\">Ogni volta che il risotto alle zucchine si asciugherà troppo.</span></p><p>A 5 minuti dalla fine della cottura del risotto con le zucchine, quando il riso sarà praticamente cotto aggiungete la crema di zucchine, il burro e il parmigiano grattugiato e girate bene in modo da mantecare tutto il risotto con zucchine.\r\n</p><p>\r\nServite il risotto con le zucchine ben caldo e all’onda.\r\n</p><p>\r\n<b>VARIANTI E CONSIGLI\r\n</b></p><p><b><br></b>Aggiungete sempre brodo bollente al risotto con le zucchine e non fatelo raffreddare altrimenti fermerà la cottura del risotto con le zucchine.\r\n</p><p>\r\nPotete sostituire il burro con un cucchiaio di formaggio spalmabile.\r\n</p><p>\r\nPotete aggiungere pepe macinato.\r\n</p><p>\r\nPotete aggiungere anche prosciutto cotto a cubetti o cubetti di mozzarella o anche tutti e due.\r\n</p><p>\r\nPotete sostituire il dado vegetale fatto in casa. con sale o con brodo vegetale.</p>', '1670532852.jpg', 0, 0, '2022-12-08 20:54:12'),
(87, 36, 98, 'Comportamento e carattere del riccio', 'comportamentoecaratterericcio', '<p><b>COMPORTAMENTO E CARATTERE</b>\r\n</p><p>Il riccio è un animale notturno che tende a muoversi di notte in cerca di cibo. Esso è infatti un animale onnivoro ma cacciatore: si nutre prevalentemente di piccoli animali, uova ed insetti anche se non disdegna frutta e verdura. È un animale che ha soltanto due predatori: la volpe e le automobili. Sono infatti tantissimi i ricci che ogni anno muoiono schiacciati dalle auto. Per natura i ricci sono animali che percorrono diversi km al giorno e questo li fa spesso imbattere nelle nostre strade.\r\n\r\nIl riccio è un animale solitario che non ama incontrare i suoi simili ed anzi tende ad evitarli pur di non scontrarcisi. In inverno va in letargo da ottobre fino ad aprile per poi ritornare attivo nei mesi più caldi dell’anno.\r\n\r\n</p><p><b>RAPPORTO CON L’UOMO</b></p><p>Sebbene solitari i ricci sono anche animali domestici (se nati in cattività) e che tendono a legarsi molto con l’uomo. La specie che più si presta alla vita domestica è quella africana. Un riccio domestico ha bisogno di un terraio e della possibilità di muoversi molto: la vita in gabbia non è compatibile col suo stile di vita, che lo porta a percorrere molti km al giorno.\r\nCome già detto sopra la legislazione italiana ritiene il riccio europeo un animale protetto di cui è vietata la caccia e la cattura. Se si desidera avere un riccio domestico è importante rivolgersi ad un allevatore o a un negozio per animali certificato.</p>', '1670533818.jpg', 0, 0, '2022-12-08 21:10:18'),
(96, 37, 99, '5 consigli per convincere i tuoi a prendere un cane', 'introduzioneblogcane', '<p><b><span style=\"font-family: &quot;Times New Roman&quot;; font-size: var(--bs-body-font-size); text-align: var(--bs-body-text-align);\">Cinque consigli per convincere i tuoi genitori a prendere un cane</span><br></b></p><p><span style=\"font-family: &quot;Times New Roman&quot;;\">Appurata la razza di cane più adatta allo stile di vita della tua famiglia, senza dimenticare che anche in canile ci sono molti cagnolini desiderosi di essere adottati, ora non ti resta che capire come convincere i genitori a prendere un cane. Di seguito abbiamo raccolto cinque consigli che ti aiuteranno a dimostrare alla tua famiglia che sei assolutamente in grado di possedere un cane e prenderti cura di lui!</span></p>', '1670540555.jpg', 2, 0, '2022-12-08 23:00:59'),
(97, 37, 99, 'Informati bene su alimentazione e salute del cane', 'primoconsiglio', '<p><b>Informati bene su alimentazione e salute del cane\r\n</b></p><p>\r\nCome prima cosa devi sapere che un cucciolo, così come un cane adulto, ha bisogno di cure. Fai delle ricerche sulla razza che hai scelto e dimostra ai tuoi genitori di sapere tutto: dall\'alimentazione del cane ai potenziali problemi di salute. Ci sono alcune razze canine che sono maggiormente predisposte ad alcune problematiche rispetto ad altre. I bassotti, per esempio, hanno un alto rischio di sviluppare ernie discali, così come i bouledogue francesi possono incappare in problematiche respiratorie.\r\n</p><p>Dimostra ai tuoi genitori di sapere tutto sul cane che intendi prendere come compagno di vita per la vostra famiglia.</p>', '1670788828.jpg', 0, 0, '2022-12-08 23:03:29'),
(100, 37, 100, 'Dimostra di essere responsabile', 'dimostraresponsabilita', '<p><b>Dimostra responsabilità</b></p><p>Comprare un cane richiede responsabilità. Un cucciolo va nutrito, va portato a passeggio, va educato. Insomma, mica una cosa da niente.Uno dei motivi per cui i genitori rifiutano di cedere alla richiesta di prendere un cane da parte dei figli è che poi dovranno essere loro ad occuparsi di tutto una volta che il capriccio è stato soddisfatto. Dimostra loro che non si tratta solo di un capriccio e comincia a mostrare resposabilità a partire dai piccoli lavori di casa.Inizia quindi da questo: fai il letto, rimetti a posto la camera, porta fuori la spazzatura e porta a termine tutti i lavoretti che ti vengono chiesti di solito, senza che siano i tuoi genitori ad assillarti per farlo.</p>', '1670547649.jpg', 0, 0, '2022-12-09 00:55:44'),
(104, 35, 96, 'Risotto con zucca e salsiccia', 'risottozuccaesalsiccia', '<p><b>Preparazione</b>\r\n</p><p><b>Risotto con zucca e salsiccia\r\n</b></p><p><b><br></b>Iniziate la preparazione del piatto tagliando la calotta della zucca, provvedete a eliminare i semi, quindi recuperate la polpa, raccoglietela e riducetela a tocchetti&nbsp;</p><p> In una casseruola sciogliete metà del burro, unite lo scalogno tritato, lasciatelo appassire, versate il riso, fatelo tostare, aggiungete i pomodori tagliati a pezzetti, la salsiccia sbriciolata e la polpa della zucca, bagnate con il vino e lasciate evaporare</p><p>Versate il brodo caldo e cuocete per 18 minuti; a cottura ultimata, spegnete il fuoco e amalgamate il riso con il parmigiano, il burro rimasto, la salvia e il sale, impiattate e servite ben caldo</p>', '1670548340.jpg', 1, 0, '2022-12-09 01:12:20');

-- --------------------------------------------------------

--
-- Struttura della tabella `utenti`
--

CREATE TABLE `utenti` (
  `uid` int(11) NOT NULL,
  `username` varchar(255) NOT NULL,
  `email` varchar(255) NOT NULL,
  `nome` varchar(255) NOT NULL,
  `cognome` varchar(255) NOT NULL,
  `cfiscale` varchar(16) NOT NULL,
  `password` varchar(255) NOT NULL,
  `d_nascita` date NOT NULL,
  `biografia` text NOT NULL,
  `ruolo` tinyint(1) NOT NULL DEFAULT 0,
  `status` tinyint(1) NOT NULL DEFAULT 0,
  `data_postato` timestamp NOT NULL DEFAULT current_timestamp()
) ENGINE=InnoDB DEFAULT CHARSET=utf8mb4 COLLATE=utf8mb4_general_ci;

--
-- Dump dei dati per la tabella `utenti`
--

INSERT INTO `utenti` (`uid`, `username`, `email`, `nome`, `cognome`, `cfiscale`, `password`, `d_nascita`, `biografia`, `ruolo`, `status`, `data_postato`) VALUES
(95, 'admin1', 'admin1@yahoo.it', 'Admin', 'Admin', 'DMNDMN01B67E625C', '$2y$10$kM5aAIMhaRY.BeRtZjpnbeRadAHbTWubdORSQQbUF5dnDbxHKmaM2', '2001-02-27', 'Sono un admin!', 1, 0, '2022-12-04 22:26:31'),
(96, 'Tom81', 'tommaso81@yahoo.it', 'Tommaso', 'Bianchi', 'BNCTMS81A01E625Y', '$2y$10$.SoX1uyn1J/XSaPNX2IDgOSpf1sv.CC.NEWC5UPrFghBFVjg5rE8u', '1981-01-01', 'Ciao, sono Tommaso!', 2, 0, '2022-12-04 23:26:18'),
(98, 'Lorenzo98', 'lorenzo98@yahoo.it', 'Lorenzo', 'Mainardi', 'MNRLNZ98A14E625N', '$2y$10$6dBImjHfphRC5qUbSHAS3OZywB0D2ojl2cEMSjORgb7fqYAsSvYKW', '1998-01-14', 'Ciao a tutti, io sono Lorenzo!', 2, 0, '2022-12-08 20:28:31'),
(99, 'Mary01', 'mary2001@yahoo.it', 'MariaTeresa', 'Mazza', 'MZZMTR01B67E625M', '$2y$10$vurzetvJ8bOhk6ovEE4n/Oqy7J8TNRrjflJKnWi2TPZhZK.vFXLwG', '2001-02-27', 'Ciao a tutti, sono Mary!', 2, 0, '2022-12-08 21:14:23'),
(100, 'julia11', 'julia2011@yahoo.it', 'Julia', 'Mazza', 'MZZJLU11A62E625Q', '$2y$10$6j/YbKWRJQvNjvLRkxpPcOKjVuSAnNqx9/o.QSzFcENiBI7Z2E9ha', '2011-01-22', 'Ciao a tutti, sono Julia e ho 11 anni!', 0, 0, '2022-12-08 21:50:59');

--
-- Indici per le tabelle scaricate
--

--
-- Indici per le tabelle `argomenti`
--
ALTER TABLE `argomenti`
  ADD PRIMARY KEY (`aid`),
  ADD UNIQUE KEY `nome` (`nome`);

--
-- Indici per le tabelle `blogs`
--
ALTER TABLE `blogs`
  ADD PRIMARY KEY (`bid`),
  ADD KEY `blog_utente` (`b_uid`) USING BTREE;

--
-- Indici per le tabelle `coautori`
--
ALTER TABLE `coautori`
  ADD PRIMARY KEY (`rid`),
  ADD KEY `contributo_blog` (`blog_id`),
  ADD KEY `contributo_utenti` (`coautore_id`),
  ADD KEY `contributo_autore` (`autore_id`);

--
-- Indici per le tabelle `comment`
--
ALTER TABLE `comment`
  ADD PRIMARY KEY (`commento_id`),
  ADD KEY `commento_post` (`post_id`),
  ADD KEY `commento_utente` (`user_id`);

--
-- Indici per le tabelle `likes`
--
ALTER TABLE `likes`
  ADD PRIMARY KEY (`id`),
  ADD KEY `like_post` (`postid`),
  ADD KEY `like_utente` (`userid`);

--
-- Indici per le tabelle `posts`
--
ALTER TABLE `posts`
  ADD PRIMARY KEY (`pid`),
  ADD KEY `p_bid` (`p_bid`),
  ADD KEY `p_uid` (`p_uid`);

--
-- Indici per le tabelle `utenti`
--
ALTER TABLE `utenti`
  ADD PRIMARY KEY (`uid`),
  ADD UNIQUE KEY `email` (`email`),
  ADD KEY `nome` (`nome`);

--
-- AUTO_INCREMENT per le tabelle scaricate
--

--
-- AUTO_INCREMENT per la tabella `argomenti`
--
ALTER TABLE `argomenti`
  MODIFY `aid` int(11) NOT NULL AUTO_INCREMENT, AUTO_INCREMENT=314;

--
-- AUTO_INCREMENT per la tabella `blogs`
--
ALTER TABLE `blogs`
  MODIFY `bid` int(11) NOT NULL AUTO_INCREMENT, AUTO_INCREMENT=46;

--
-- AUTO_INCREMENT per la tabella `coautori`
--
ALTER TABLE `coautori`
  MODIFY `rid` int(11) NOT NULL AUTO_INCREMENT, AUTO_INCREMENT=62;

--
-- AUTO_INCREMENT per la tabella `comment`
--
ALTER TABLE `comment`
  MODIFY `commento_id` int(11) NOT NULL AUTO_INCREMENT, AUTO_INCREMENT=47;

--
-- AUTO_INCREMENT per la tabella `likes`
--
ALTER TABLE `likes`
  MODIFY `id` int(11) NOT NULL AUTO_INCREMENT, AUTO_INCREMENT=60;

--
-- AUTO_INCREMENT per la tabella `posts`
--
ALTER TABLE `posts`
  MODIFY `pid` int(11) NOT NULL AUTO_INCREMENT, AUTO_INCREMENT=108;

--
-- AUTO_INCREMENT per la tabella `utenti`
--
ALTER TABLE `utenti`
  MODIFY `uid` int(11) NOT NULL AUTO_INCREMENT, AUTO_INCREMENT=103;

--
-- Limiti per le tabelle scaricate
--

--
-- Limiti per la tabella `blogs`
--
ALTER TABLE `blogs`
  ADD CONSTRAINT `blog_utente` FOREIGN KEY (`b_uid`) REFERENCES `utenti` (`uid`) ON DELETE CASCADE ON UPDATE CASCADE;

--
-- Limiti per la tabella `coautori`
--
ALTER TABLE `coautori`
  ADD CONSTRAINT `contributo_autore` FOREIGN KEY (`autore_id`) REFERENCES `utenti` (`uid`) ON DELETE CASCADE ON UPDATE CASCADE,
  ADD CONSTRAINT `contributo_blog` FOREIGN KEY (`blog_id`) REFERENCES `blogs` (`bid`) ON DELETE CASCADE ON UPDATE CASCADE,
  ADD CONSTRAINT `contributo_utente` FOREIGN KEY (`coautore_id`) REFERENCES `utenti` (`uid`) ON DELETE CASCADE ON UPDATE CASCADE;

--
-- Limiti per la tabella `comment`
--
ALTER TABLE `comment`
  ADD CONSTRAINT `commento_post` FOREIGN KEY (`post_id`) REFERENCES `posts` (`pid`) ON DELETE CASCADE,
  ADD CONSTRAINT `commento_utente` FOREIGN KEY (`user_id`) REFERENCES `utenti` (`uid`) ON DELETE CASCADE;

--
-- Limiti per la tabella `likes`
--
ALTER TABLE `likes`
  ADD CONSTRAINT `like_post` FOREIGN KEY (`postid`) REFERENCES `posts` (`pid`) ON DELETE CASCADE,
  ADD CONSTRAINT `like_utente` FOREIGN KEY (`userid`) REFERENCES `utenti` (`uid`) ON DELETE CASCADE;

--
-- Limiti per la tabella `posts`
--
ALTER TABLE `posts`
  ADD CONSTRAINT `post_blog` FOREIGN KEY (`p_bid`) REFERENCES `blogs` (`bid`) ON DELETE CASCADE ON UPDATE CASCADE;
COMMIT;

/*!40101 SET CHARACTER_SET_CLIENT=@OLD_CHARACTER_SET_CLIENT */;
/*!40101 SET CHARACTER_SET_RESULTS=@OLD_CHARACTER_SET_RESULTS */;
/*!40101 SET COLLATION_CONNECTION=@OLD_COLLATION_CONNECTION */;
